scan,symbol,date
100pctYr,AEVA,2025-06-20
100pctYr,AMPX,2025-06-20
100pctYr,ARQQ,2025-06-20
100pctYr,BBAI,2025-06-20
100pctYr,BKSY,2025-06-20
100pctYr,CDTX,2025-06-20
100pctYr,GRRR,2025-06-20
100pctYr,HOOD,2025-06-20
100pctYr,LEU,2025-06-20
100pctYr,MP,2025-06-20
100pctYr,NUTX,2025-06-20
100pctYr,OKLO,2025-06-20
100pctYr,OUST,2025-06-20
100pctYr,PDYN,2025-06-20
100pctYr,PGY,2025-06-20
100pctYr,PRCH,2025-06-20
100pctYr,PSIX,2025-06-20
100pctYr,QBTS,2025-06-20
100pctYr,QUBT,2025-06-20
100pctYr,RGC,2025-06-20
100pctYr,RGTI,2025-06-20
100pctYr,RKLB,2025-06-20
100pctYr,SBET,2025-06-20
100pctYr,SGMT,2025-06-20
100pctYr,SMR,2025-06-20
100pctYr,TMC,2025-06-20
100pctYr,UMAC,2025-06-20
100pctYr,ACHR,2025-06-20
100pctYr,APLD,2025-06-20
100pctYr,ASPI,2025-06-20
100pctYr,ASTS,2025-06-20
100pctYr,COMM,2025-06-20
100pctYr,CRDO,2025-06-20
100pctYr,IONQ,2025-06-20
100pctYr,JOBY,2025-06-20
100pctYr,LTBR,2025-06-20
100pctYr,NBIS,2025-06-20
100pctYr,PLTR,2025-06-20
100pctYr,RBLX,2025-06-20
100pctYr,RNMBY,2025-06-20
100pctYr,SGHC,2025-06-20
100pctYr,TSSI,2025-06-20
100pctYr,TTMI,2025-06-20
100pctYr,VNET,2025-06-20
100pctYr,VRNA,2025-06-20
100pctYr,AAOI,2025-06-20
100pctYr,AS,2025-06-20
100pctYr,CLS,2025-06-20
100pctYr,DFEN,2025-06-20
100pctYr,FARO,2025-06-20
100pctYr,FUTU,2025-06-20
100pctYr,GDS,2025-06-20
100pctYr,GEV,2025-06-20
100pctYr,INOD,2025-06-20
100pctYr,KTOS,2025-06-20
100pctYr,LIF,2025-06-20
100pctYr,NET,2025-06-20
100pctYr,SBSW,2025-06-20
100pctYr,SOFI,2025-06-20
100pctYr,SRRK,2025-06-20
100pctYr,TPC,2025-06-20
100pctYr,TPR,2025-06-20
100pctYr,U,2025-06-20
100pctYr,WLDN,2025-06-20
100pctYr,ADPT,2025-06-20
100pctYr,CRS,2025-06-20
100pctYr,CVNA,2025-06-20
100pctYr,HWM,2025-06-20
100pctYr,LMB,2025-06-20
100pctYr,OLO,2025-06-20
100pctYr,OPFI,2025-06-20
100pctYr,ORLA,2025-06-20
100pctYr,RCL,2025-06-20
100pctYr,SRAD,2025-06-20
100pctYr,STRL,2025-06-20
100pctYr,TIGR,2025-06-20
100pctYr,TLN,2025-06-20
100pctYr,UI,2025-06-20
100pctYr,UPST,2025-06-20
100pctYr,AFRM,2025-06-20
100pctYr,AGX,2025-06-20
100pctYr,BITU,2025-06-20
100pctYr,IBKR,2025-06-20
100pctYr,IESC,2025-06-20
100pctYr,LUNR,2025-06-20
100pctYr,NRG,2025-06-20
100pctYr,PPTA,2025-06-20
100pctYr,RDDT,2025-06-20
100pctYr,SE,2025-06-20
100pctYr,SEI,2025-06-20
100pctYr,TWLO,2025-06-20
100pctYr,VST,2025-06-20
100pctYr,AXON,2025-06-20
100pctYr,DASH,2025-06-20
100pctYr,ESLT,2025-06-20
100pctYr,MIR,2025-06-20
100pctYr,MSTR,2025-06-20
100pctYr,PRM,2025-06-20
100pctYr,YINN,2025-06-20
100pctYr,AHR,2025-06-20
100pctYr,SHOP,2025-06-20
100pctYr,SMMT,2025-06-20
100pctYr,LLYVK,2025-06-20
100pctYr,SFM,2025-06-20
100pctYr,GLXY,2025-06-20
10pctWeek,AEVA,2025-06-20
10pctWeek,AMPX,2025-06-20
10pctWeek,ARQQ,2025-06-20
10pctWeek,BBAI,2025-06-20
10pctWeek,CDTX,2025-06-20
10pctWeek,HOOD,2025-06-20
10pctWeek,LEU,2025-06-20
10pctWeek,MP,2025-06-20
10pctWeek,OKLO,2025-06-20
10pctWeek,OUST,2025-06-20
10pctWeek,PDYN,2025-06-20
10pctWeek,PGY,2025-06-20
10pctWeek,PSIX,2025-06-20
10pctWeek,QBTS,2025-06-20
10pctWeek,QS,2025-06-20
10pctWeek,QUBT,2025-06-20
10pctWeek,RGTI,2025-06-20
10pctWeek,RKLB,2025-06-20
10pctWeek,SBET,2025-06-20
10pctWeek,SMR,2025-06-20
10pctWeek,TMC,2025-06-20
10pctWeek,ACHR,2025-06-20
10pctWeek,APLD,2025-06-20
10pctWeek,ASPI,2025-06-20
10pctWeek,ASTS,2025-06-20
10pctWeek,IONQ,2025-06-20
10pctWeek,IREN,2025-06-20
10pctWeek,JOBY,2025-06-20
10pctWeek,LTBR,2025-06-20
10pctWeek,NBIS,2025-06-20
10pctWeek,RBLX,2025-06-20
10pctWeek,TNXP,2025-06-20
10pctWeek,TSSI,2025-06-20
10pctWeek,UPXI,2025-06-20
10pctWeek,VNET,2025-06-20
10pctWeek,COGT,2025-06-20
10pctWeek,GDS,2025-06-20
10pctWeek,KTOS,2025-06-20
10pctWeek,LIF,2025-06-20
10pctWeek,METC,2025-06-20
10pctWeek,SYM,2025-06-20
10pctWeek,U,2025-06-20
10pctWeek,ENVX,2025-06-20
10pctWeek,KRMN,2025-06-20
10pctWeek,TLN,2025-06-20
10pctWeek,UI,2025-06-20
10pctWeek,LMND,2025-06-20
10pctWeek,LUNR,2025-06-20
10pctWeek,PPTA,2025-06-20
10pctWeek,ROOT,2025-06-20
10pctWeek,SE,2025-06-20
10pctWeek,TWLO,2025-06-20
10pctWeek,UUUU,2025-06-20
10pctWeek,NEXT,2025-06-20
10pctWeek,RIOT,2025-06-20
10pctWeek,BILI,2025-06-20
10pctWeek,CRSP,2025-06-20
10pctWeek,SHOP,2025-06-20
10pctWeek,SMTC,2025-06-20
10pctWeek,BYON,2025-06-20
10pctWeek,AIR,2025-06-20
10pctWeek,LI,2025-06-20
10pctWeek,ONC,2025-06-20
10pctWeek,GENI,2025-06-20
10pctWeek,MRUS,2025-06-20
52wkH,AMPX,2025-06-20
52wkH,CDTX,2025-06-20
52wkH,HOOD,2025-06-20
52wkH,LEU,2025-06-20
52wkH,MP,2025-06-20
52wkH,PGY,2025-06-20
52wkH,PSIX,2025-06-20
52wkH,QS,2025-06-20
52wkH,SMR,2025-06-20
52wkH,ASPI,2025-06-20
52wkH,PCT,2025-06-20
52wkH,RBLX,2025-06-20
52wkH,AMSC,2025-06-20
52wkH,COIN,2025-06-20
52wkH,FUTU,2025-06-20
52wkH,KTOS,2025-06-20
52wkH,LIF,2025-06-20
52wkH,SBSW,2025-06-20
52wkH,SYM,2025-06-20
52wkH,TPR,2025-06-20
52wkH,ATI,2025-06-20
52wkH,HWM,2025-06-20
52wkH,RCL,2025-06-20
52wkH,TLN,2025-06-20
52wkH,CCJ,2025-06-20
52wkH,IBKR,2025-06-20
52wkH,NEXT,2025-06-20
52wkH,AHR,2025-06-20
52wkH,APH,2025-06-20
52wkH,CRSP,2025-06-20
52wkH,WWD,2025-06-20
52wkH,FN,2025-06-20
52wkH,MTZ,2025-06-20
52wkH,NTES,2025-06-20
52wkH,VIK,2025-06-20
52wkH,C,2025-06-20
52wkH,CPNG,2025-06-20
52wkH,EADSY,2025-06-20
52wkH,LPLA,2025-06-20
52wkH,DLTR,2025-06-20
52wkH,EME,2025-06-20
52wkH,MRUS,2025-06-20
52wkH,FLUT,2025-06-20
52wkH,PWR,2025-06-20
52wkH,BK,2025-06-20
52wkH,LGND,2025-06-20
52wkH,BEPC,2025-06-20
52wkH,IVZ,2025-06-20
52wkH,GLXY,2025-06-20
52wkH,FHI,2025-06-20
52wkH,GOLF,2025-06-20
52wkH,TDY,2025-06-20
52wkH,ORA,2025-06-20
52wkH,SCHW,2025-06-20
52wkH,BANF,2025-06-20
52wkH,TDG,2025-06-20
52wkH,CWEN,2025-06-20
52wkH,WELL,2025-06-20
52wkH,FAST,2025-06-20
52wkH,RS,2025-06-20
52wkH,GLIBK,2025-06-20
90RS,AEVA,2025-06-20
90RS,AMPX,2025-06-20
90RS,BKSY,2025-06-20
90RS,CRWV,2025-06-20
90RS,GRRR,2025-06-20
90RS,HOOD,2025-06-20
90RS,LEU,2025-06-20
90RS,MP,2025-06-20
90RS,NUTX,2025-06-20
90RS,OUST,2025-06-20
90RS,PSIX,2025-06-20
90RS,QBTS,2025-06-20
90RS,QUBT,2025-06-20
90RS,RKLB,2025-06-20
90RS,SMR,2025-06-20
90RS,UMAC,2025-06-20
90RS,APLD,2025-06-20
90RS,ASPI,2025-06-20
90RS,ASTS,2025-06-20
90RS,COMM,2025-06-20
90RS,CRDO,2025-06-20
90RS,IREN,2025-06-20
90RS,NBIS,2025-06-20
90RS,PLTR,2025-06-20
90RS,RBLX,2025-06-20
90RS,RNMBY,2025-06-20
90RS,SGHC,2025-06-20
90RS,TSSI,2025-06-20
90RS,AAOI,2025-06-20
90RS,AMSC,2025-06-20
90RS,AS,2025-06-20
90RS,CLS,2025-06-20
90RS,COIN,2025-06-20
90RS,DCPH,2025-06-20
90RS,FUTU,2025-06-20
90RS,GOGO,2025-06-20
90RS,INOD,2025-06-20
90RS,LFMD,2025-06-20
90RS,LIF,2025-06-20
90RS,NET,2025-06-20
90RS,SOFI,2025-06-20
90RS,SYM,2025-06-20
90RS,VERV,2025-06-20
90RS,WLDN,2025-06-20
90RS,XIACY,2025-06-20
90RS,ADPT,2025-06-20
90RS,CVNA,2025-06-20
90RS,FIVE,2025-06-20
90RS,KRMN,2025-06-20
90RS,OLO,2025-06-20
90RS,ORLA,2025-06-20
90RS,SOUN,2025-06-20
90RS,TIGR,2025-06-20
90RS,UI,2025-06-20
90RS,UPST,2025-06-20
90RS,AFRM,2025-06-20
90RS,AGX,2025-06-20
90RS,CCJ,2025-06-20
90RS,IBKR,2025-06-20
90RS,LMND,2025-06-20
90RS,ODD,2025-06-20
90RS,RDDT,2025-06-20
90RS,ROOT,2025-06-20
90RS,RYTM,2025-06-20
90RS,SE,2025-06-20
90RS,SEI,2025-06-20
90RS,VST,2025-06-20
90RS,ATAT,2025-06-20
90RS,AVAV,2025-06-20
90RS,AVGO,2025-06-20
90RS,AXON,2025-06-20
90RS,BE,2025-06-20
90RS,CMP,2025-06-20
90RS,DASH,2025-06-20
90RS,ESLT,2025-06-20
90RS,PRM,2025-06-20
90RS,RIOT,2025-06-20
90RS,STX,2025-06-20
90RS,ALAB,2025-06-20
90RS,APH,2025-06-20
90RS,BILI,2025-06-20
90RS,CRSP,2025-06-20
90RS,NXT,2025-06-20
90RS,SHOP,2025-06-20
90RS,SMTC,2025-06-20
90RS,SNOW,2025-06-20
90RS,TEM,2025-06-20
90RS,WDC,2025-06-20
90RS,ZS,2025-06-20
90RS,GE,2025-06-20
90RS,NVDA,2025-06-20
90RS,PEGA,2025-06-20
90RS,VIK,2025-06-20
90RS,AEIS,2025-06-20
90RS,AVPT,2025-06-20
90RS,CDE,2025-06-20
90RS,COHR,2025-06-20
90RS,ECG,2025-06-20
90RS,GH,2025-06-20
90RS,LKNCY,2025-06-20
90RS,LPLA,2025-06-20
90RS,NN,2025-06-20
90RS,NVMI,2025-06-20
90RS,ONC,2025-06-20
90RS,ROAD,2025-06-20
90RS,SLAB,2025-06-20
90RS,SNEX,2025-06-20
90RS,TOST,2025-06-20
90RS,VRT,2025-06-20
90RS,AMD,2025-06-20
90RS,BPMC,2025-06-20
90RS,CG,2025-06-20
90RS,CIEN,2025-06-20
90RS,GENI,2025-06-20
90RS,INSM,2025-06-20
90RS,LRCX,2025-06-20
90RS,MRUS,2025-06-20
90RS,RMBS,2025-06-20
90RS,TSM,2025-06-20
EPS50,HOOD,2025-06-20
EPS50,PGY,2025-06-20
EPS50,PSIX,2025-06-20
EPS50,CRDO,2025-06-20
EPS50,PLTR,2025-06-20
EPS50,RNMBY,2025-06-20
EPS50,SGHC,2025-06-20
EPS50,TSSI,2025-06-20
EPS50,TTMI,2025-06-20
EPS50,AMSC,2025-06-20
EPS50,AS,2025-06-20
EPS50,FUTU,2025-06-20
EPS50,INOD,2025-06-20
EPS50,MGNI,2025-06-20
EPS50,SOFI,2025-06-20
EPS50,TPC,2025-06-20
EPS50,WLDN,2025-06-20
EPS50,ATI,2025-06-20
EPS50,CRS,2025-06-20
EPS50,CVNA,2025-06-20
EPS50,HWM,2025-06-20
EPS50,KRMN,2025-06-20
EPS50,OPFI,2025-06-20
EPS50,ORLA,2025-06-20
EPS50,RCL,2025-06-20
EPS50,TIGR,2025-06-20
EPS50,UI,2025-06-20
EPS50,AGX,2025-06-20
EPS50,LITE,2025-06-20
EPS50,NRG,2025-06-20
EPS50,AVAV,2025-06-20
EPS50,MIR,2025-06-20
EPS50,MLCO,2025-06-20
EPS50,STX,2025-06-20
EPS50,ALAB,2025-06-20
EPS50,APH,2025-06-20
EPS50,CUK,2025-06-20
EPS50,FIX,2025-06-20
EPS50,LTM,2025-06-20
EPS50,SMTC,2025-06-20
EPS50,SNOW,2025-06-20
EPS50,CCL,2025-06-20
EPS50,GOOS,2025-06-20
EPS50,PEGA,2025-06-20
EPS50,PRIM,2025-06-20
EPS50,UTI,2025-06-20
EPS50,AEIS,2025-06-20
EPS50,COHR,2025-06-20
EPS50,CTLP,2025-06-20
EPS50,NVMI,2025-06-20
EPS50,AMD,2025-06-20
EPS50,CG,2025-06-20
EPS50,CIEN,2025-06-20
EPS50,KAR,2025-06-20
EPS50,RMBS,2025-06-20
EPS50,TSM,2025-06-20
EPSEst,AMPX,2025-06-20
EPSEst,BBAI,2025-06-20
EPSEst,MP,2025-06-20
EPSEst,PGY,2025-06-20
EPSEst,PRCH,2025-06-20
EPSEst,RKLB,2025-06-20
EPSEst,CAR,2025-06-20
EPSEst,GRPN,2025-06-20
EPSEst,IREN,2025-06-20
EPSEst,TNXP,2025-06-20
EPSEst,VNET,2025-06-20
EPSEst,VRNA,2025-06-20
EPSEst,AAOI,2025-06-20
EPSEst,COIN,2025-06-20
EPSEst,GEV,2025-06-20
EPSEst,GOGO,2025-06-20
EPSEst,LIF,2025-06-20
EPSEst,METC,2025-06-20
EPSEst,PARR,2025-06-20
EPSEst,SBSW,2025-06-20
EPSEst,SOFI,2025-06-20
EPSEst,SYM,2025-06-20
EPSEst,TPC,2025-06-20
EPSEst,KRMN,2025-06-20
EPSEst,SEDG,2025-06-20
EPSEst,TLN,2025-06-20
EPSEst,UPST,2025-06-20
EPSEst,AFRM,2025-06-20
EPSEst,ALGM,2025-06-20
EPSEst,CCJ,2025-06-20
EPSEst,LITE,2025-06-20
EPSEst,LUNR,2025-06-20
EPSEst,PPTA,2025-06-20
EPSEst,RDDT,2025-06-20
EPSEst,SEI,2025-06-20
EPSEst,UUUU,2025-06-20
EPSEst,BE,2025-06-20
EPSEst,CMP,2025-06-20
EPSEst,DASH,2025-06-20
EPSEst,HTZ,2025-06-20
EPSEst,MLCO,2025-06-20
EPSEst,MSTR,2025-06-20
EPSEst,RIOT,2025-06-20
EPSEst,AAP,2025-06-20
EPSEst,BASE,2025-06-20
EPSEst,CALX,2025-06-20
EPSEst,DK,2025-06-20
EPSEst,W,2025-06-20
EPSEst,WBD,2025-06-20
EPSEst,ZK,2025-06-20
EPSEst,ACAD,2025-06-20
EPSEst,AMPL,2025-06-20
EPSEst,CPNG,2025-06-20
EPSEst,GSAT,2025-06-20
EPSEst,MCHP,2025-06-20
EPSEst,ONC,2025-06-20
EPSEst,SLAB,2025-06-20
EPSEst,AMD,2025-06-20
EPSEst,BA,2025-06-20
EPSEst,BPMC,2025-06-20
EPSEst,GENI,2025-06-20
HRS,AEVA,2025-06-20
HRS,AMPX,2025-06-20
HRS,ARQQ,2025-06-20
HRS,BBAI,2025-06-20
HRS,BKSY,2025-06-20
HRS,BMNR,2025-06-20
HRS,CDTX,2025-06-20
HRS,CEP,2025-06-20
HRS,CRCL,2025-06-20
HRS,CRWV,2025-06-20
HRS,DAVE,2025-06-20
HRS,FNMA,2025-06-20
HRS,GRRR,2025-06-20
HRS,HOOD,2025-06-20
HRS,HYPD,2025-06-20
HRS,LEU,2025-06-20
HRS,MP,2025-06-20
HRS,NAKA,2025-06-20
HRS,NEGG,2025-06-20
HRS,NUTX,2025-06-20
HRS,OKLO,2025-06-20
HRS,OUST,2025-06-20
HRS,PDYN,2025-06-20
HRS,PGY,2025-06-20
HRS,PRCH,2025-06-20
HRS,PSIX,2025-06-20
HRS,PTHL,2025-06-20
HRS,QBTS,2025-06-20
HRS,QS,2025-06-20
HRS,QUBT,2025-06-20
HRS,RCAT,2025-06-20
HRS,RGC,2025-06-20
HRS,RGTI,2025-06-20
HRS,RKLB,2025-06-20
HRS,SBET,2025-06-20
HRS,SEZL,2025-06-20
HRS,SGMT,2025-06-20
HRS,SMR,2025-06-20
HRS,TMC,2025-06-20
HRS,TRON,2025-06-20
HRS,UMAC,2025-06-20
HRS,WBUY,2025-06-20
HRS,ACHR,2025-06-20
HRS,ANPA,2025-06-20
HRS,APLD,2025-06-20
HRS,ASPI,2025-06-20
HRS,ASTS,2025-06-20
HRS,CAR,2025-06-20
HRS,COMM,2025-06-20
HRS,CRDO,2025-06-20
HRS,EYE,2025-06-20
HRS,FMCC,2025-06-20
HRS,GRPN,2025-06-20
HRS,INKT,2025-06-20
HRS,IONQ,2025-06-20
HRS,IREN,2025-06-20
HRS,JOBY,2025-06-20
HRS,LTBR,2025-06-20
HRS,NBIS,2025-06-20
HRS,PCT,2025-06-20
HRS,PLTR,2025-06-20
HRS,RBLX,2025-06-20
HRS,RNMBY,2025-06-20
HRS,SGHC,2025-06-20
HRS,TNXP,2025-06-20
HRS,TSSI,2025-06-20
HRS,TTMI,2025-06-20
HRS,UPXI,2025-06-20
HRS,VNET,2025-06-20
HRS,VRNA,2025-06-20
HRS,AAOI,2025-06-20
HRS,AMSC,2025-06-20
HRS,AS,2025-06-20
HRS,CLS,2025-06-20
HRS,COGT,2025-06-20
HRS,COIN,2025-06-20
HRS,DCPH,2025-06-20
HRS,FARO,2025-06-20
HRS,FUTU,2025-06-20
HRS,GDS,2025-06-20
HRS,GEV,2025-06-20
HRS,GOGO,2025-06-20
HRS,INOD,2025-06-20
HRS,KTOS,2025-06-20
HRS,LASR,2025-06-20
HRS,LFMD,2025-06-20
HRS,LIF,2025-06-20
HRS,METC,2025-06-20
HRS,MGNI,2025-06-20
HRS,NET,2025-06-20
HRS,NKTR,2025-06-20
HRS,PARR,2025-06-20
HRS,RBRK,2025-06-20
HRS,SBSW,2025-06-20
HRS,SERV,2025-06-20
HRS,SOFI,2025-06-20
HRS,SRRK,2025-06-20
HRS,SYM,2025-06-20
HRS,TPC,2025-06-20
HRS,TPR,2025-06-20
HRS,U,2025-06-20
HRS,VERV,2025-06-20
HRS,WLDN,2025-06-20
HRS,XIACY,2025-06-20
IPO1yr,CEP,2025-06-20
IPO1yr,CRCL,2025-06-20
IPO1yr,CRWV,2025-06-20
IPO1yr,PTHL,2025-06-20
IPO1yr,SGMT,2025-06-20
IPO1yr,UMAC,2025-06-20
IPO1yr,AS,2025-06-20
IPO1yr,LIF,2025-06-20
IPO1yr,RBRK,2025-06-20
IPO1yr,KRMN,2025-06-20
IPO1yr,MTSR,2025-06-20
IPO1yr,ODD,2025-06-20
IPO1yr,RDDT,2025-06-20
IPO1yr,AHR,2025-06-20
IPO1yr,ALAB,2025-06-20
IPO1yr,NXT,2025-06-20
IPO1yr,TEM,2025-06-20
IPO1yr,VIK,2025-06-20
IPO1yr,ZK,2025-06-20
IPO1yr,HNGE,2025-06-20
IPO1yr,ULS,2025-06-20
IPO1yr,GLXY,2025-06-20
IPO1yr,ARM,2025-06-20
IPO3yr,CEP,2025-06-20
IPO3yr,CRCL,2025-06-20
IPO3yr,CRWV,2025-06-20
IPO3yr,HOOD,2025-06-20
IPO3yr,OKLO,2025-06-20
IPO3yr,PTHL,2025-06-20
IPO3yr,RGC,2025-06-20
IPO3yr,SGMT,2025-06-20
IPO3yr,UMAC,2025-06-20
IPO3yr,ASPI,2025-06-20
IPO3yr,CRDO,2025-06-20
IPO3yr,IREN,2025-06-20
IPO3yr,RBLX,2025-06-20
IPO3yr,UPXI,2025-06-20
IPO3yr,AS,2025-06-20
IPO3yr,COIN,2025-06-20
IPO3yr,LIF,2025-06-20
IPO3yr,RBRK,2025-06-20
IPO3yr,SYM,2025-06-20
IPO3yr,VERV,2025-06-20
IPO3yr,KRMN,2025-06-20
IPO3yr,MTSR,2025-06-20
IPO3yr,OLO,2025-06-20
IPO3yr,SRAD,2025-06-20
IPO3yr,AFRM,2025-06-20
IPO3yr,ODD,2025-06-20
IPO3yr,RDDT,2025-06-20
IPO3yr,ATAT,2025-06-20
IPO3yr,AHR,2025-06-20
IPO3yr,ALAB,2025-06-20
IPO3yr,BASE,2025-06-20
IPO3yr,NXT,2025-06-20
IPO3yr,TEM,2025-06-20
IPO3yr,VIK,2025-06-20
IPO3yr,WRBY,2025-06-20
IPO3yr,ZK,2025-06-20
IPO3yr,AMPL,2025-06-20
IPO3yr,CPNG,2025-06-20
IPO3yr,TOST,2025-06-20
IPO3yr,HNGE,2025-06-20
NewRSHigh,AMPX,2025-06-20
NewRSHigh,CDTX,2025-06-20
NewRSHigh,HOOD,2025-06-20
NewRSHigh,LEU,2025-06-20
NewRSHigh,MP,2025-06-20
NewRSHigh,OUST,2025-06-20
NewRSHigh,PGY,2025-06-20
NewRSHigh,PRCH,2025-06-20
NewRSHigh,PSIX,2025-06-20
NewRSHigh,PTHL,2025-06-20
NewRSHigh,QS,2025-06-20
NewRSHigh,RKLB,2025-06-20
NewRSHigh,SMR,2025-06-20
NewRSHigh,ASPI,2025-06-20
NewRSHigh,ASTS,2025-06-20
NewRSHigh,JOBY,2025-06-20
NewRSHigh,RBLX,2025-06-20
NewRSHigh,AMSC,2025-06-20
NewRSHigh,COIN,2025-06-20
NewRSHigh,FUTU,2025-06-20
NewRSHigh,GEV,2025-06-20
NewRSHigh,KTOS,2025-06-20
NewRSHigh,LIF,2025-06-20
NewRSHigh,SBSW,2025-06-20
NewRSHigh,SYM,2025-06-20
NewRSHigh,TPR,2025-06-20
NewRSHigh,U,2025-06-20
NewRSHigh,ATI,2025-06-20
NewRSHigh,CRS,2025-06-20
NewRSHigh,FIVE,2025-06-20
NewRSHigh,HWM,2025-06-20
NewRSHigh,RCL,2025-06-20
NewRSHigh,STRL,2025-06-20
NewRSHigh,TLN,2025-06-20
NewRSHigh,CCJ,2025-06-20
NewRSHigh,IBKR,2025-06-20
NewRSHigh,UUUU,2025-06-20
NewRSHigh,NEXT,2025-06-20
NewRSHigh,APH,2025-06-20
NewRSHigh,DY,2025-06-20
NewRSHigh,WWD,2025-06-20
NewRSHigh,FN,2025-06-20
NewRSHigh,MTZ,2025-06-20
NewRSHigh,VIK,2025-06-20
NewRSHigh,C,2025-06-20
NewRSHigh,CPNG,2025-06-20
NewRSHigh,EADSY,2025-06-20
NewRSHigh,CG,2025-06-20
NewRSHigh,EME,2025-06-20
NewRSHigh,AZZ,2025-06-20
NewRSHigh,PWR,2025-06-20
NewRSHigh,TRMB,2025-06-20
NewRSHigh,BK,2025-06-20
NewRSHigh,LGND,2025-06-20
NewRSHigh,GLXY,2025-06-20
NewRSHigh,TDY,2025-06-20
NewRSHigh,SCHW,2025-06-20
UnusualVol,AMPX,2025-06-20
UnusualVol,BKSY,2025-06-20
UnusualVol,HOOD,2025-06-20
UnusualVol,MP,2025-06-20
UnusualVol,PDYN,2025-06-20
UnusualVol,PGY,2025-06-20
UnusualVol,PSIX,2025-06-20
UnusualVol,PTHL,2025-06-20
UnusualVol,QS,2025-06-20
UnusualVol,SBET,2025-06-20
UnusualVol,ASPI,2025-06-20
UnusualVol,JOBY,2025-06-20
UnusualVol,TTMI,2025-06-20
UnusualVol,UPXI,2025-06-20
UnusualVol,COIN,2025-06-20
UnusualVol,FARO,2025-06-20
UnusualVol,FUTU,2025-06-20
UnusualVol,KTOS,2025-06-20
UnusualVol,METC,2025-06-20
UnusualVol,SRRK,2025-06-20
UnusualVol,KRMN,2025-06-20
UnusualVol,LMB,2025-06-20
UnusualVol,OLO,2025-06-20
UnusualVol,TIGR,2025-06-20
UnusualVol,TLN,2025-06-20
UnusualVol,IBKR,2025-06-20
UnusualVol,IESC,2025-06-20
UnusualVol,LUNR,2025-06-20
UnusualVol,PPTA,2025-06-20
UnusualVol,UUUU,2025-06-20
UnusualVol,MSTR,2025-06-20
UnusualVol,CALX,2025-06-20
UnusualVol,CRSP,2025-06-20
UnusualVol,WBD,2025-06-20
UnusualVol,BYON,2025-06-20
UnusualVol,DRS,2025-06-20
UnusualVol,NFLX,2025-06-20
UnusualVol,AIR,2025-06-20
UnusualVol,ECG,2025-06-20
UnusualVol,LAUR,2025-06-20
UnusualVol,LPLA,2025-06-20
UnusualVol,ONC,2025-06-20
UnusualVol,ROAD,2025-06-20
UnusualVol,BCS,2025-06-20
UnusualVol,GENI,2025-06-20
UnusualVol,SPHR,2025-06-20
WklyUnusualVol,AMPX,2025-06-20
WklyUnusualVol,BKSY,2025-06-20
WklyUnusualVol,MP,2025-06-20
WklyUnusualVol,PDYN,2025-06-20
WklyUnusualVol,PGY,2025-06-20
WklyUnusualVol,PSIX,2025-06-20
WklyUnusualVol,PTHL,2025-06-20
WklyUnusualVol,QS,2025-06-20
WklyUnusualVol,RGTI,2025-06-20
WklyUnusualVol,RKLB,2025-06-20
WklyUnusualVol,SBET,2025-06-20
WklyUnusualVol,ACHR,2025-06-20
WklyUnusualVol,ASPI,2025-06-20
WklyUnusualVol,JOBY,2025-06-20
WklyUnusualVol,RBLX,2025-06-20
WklyUnusualVol,SGHC,2025-06-20
WklyUnusualVol,TNXP,2025-06-20
WklyUnusualVol,TTMI,2025-06-20
WklyUnusualVol,UPXI,2025-06-20
WklyUnusualVol,VNET,2025-06-20
WklyUnusualVol,VRNA,2025-06-20
WklyUnusualVol,FARO,2025-06-20
WklyUnusualVol,FUTU,2025-06-20
WklyUnusualVol,GDS,2025-06-20
WklyUnusualVol,KTOS,2025-06-20
WklyUnusualVol,METC,2025-06-20
WklyUnusualVol,SRRK,2025-06-20
WklyUnusualVol,SYM,2025-06-20
WklyUnusualVol,U,2025-06-20
WklyUnusualVol,WLDN,2025-06-20
WklyUnusualVol,ENVX,2025-06-20
WklyUnusualVol,KRMN,2025-06-20
WklyUnusualVol,TIGR,2025-06-20
WklyUnusualVol,TLN,2025-06-20
WklyUnusualVol,IBKR,2025-06-20
WklyUnusualVol,IESC,2025-06-20
WklyUnusualVol,LUNR,2025-06-20
WklyUnusualVol,TWLO,2025-06-20
WklyUnusualVol,UUUU,2025-06-20
WklyUnusualVol,AVAV,2025-06-20
WklyUnusualVol,NEXT,2025-06-20
WklyUnusualVol,PBI,2025-06-20
WklyUnusualVol,CALX,2025-06-20
WklyUnusualVol,CRSP,2025-06-20
WklyUnusualVol,WBD,2025-06-20
WklyUnusualVol,GE,2025-06-20
WklyUnusualVol,AIR,2025-06-20
WklyUnusualVol,C,2025-06-20
WklyUnusualVol,LAUR,2025-06-20
WklyUnusualVol,LI,2025-06-20
WklyUnusualVol,LPLA,2025-06-20
WklyUnusualVol,ONC,2025-06-20
WklyUnusualVol,ROAD,2025-06-20
WklyUnusualVol,TIGO,2025-06-20
WklyUnusualVol,AMD,2025-06-20
WklyUnusualVol,BCS,2025-06-20
WklyUnusualVol,BPMC,2025-06-20
WklyUnusualVol,PENG,2025-06-20
WklyUnusualVol,RMBS,2025-06-20
WklyUnusualVol,TSM,2025-06-20
WklyUnusualVol,WT,2025-06-20
WklyUnusualVol,AZZ,2025-06-20
WklyUnusualVol,GMS,2025-06-20
WklyUnusualVol,PJT,2025-06-20
WklyUnusualVol,TBBK,2025-06-20
WklyUnusualVol,UAL,2025-06-20
WklyUnusualVol,USFD,2025-06-20
WklyUnusualVol,VBTX,2025-06-20
WklyUnusualVol,WNS,2025-06-20
WklyUnusualVol,BK,2025-06-20
WklyUnusualVol,LGND,2025-06-20
WklyUnusualVol,UEC,2025-06-20
WklyUnusualVol,BN,2025-06-20
WklyUnusualVol,DQ,2025-06-20
WklyUnusualVol,IVZ,2025-06-20
WklyUnusualVol,NFG,2025-06-20
WklyUnusualVol,PFGC,2025-06-20
WklyUnusualVol,GLXY,2025-06-20
WklyUnusualVol,MRCY,2025-06-20
WklyUnusualVol,TEL,2025-06-20
WklyUnusualVol,BDC,2025-06-20
WklyUnusualVol,BFC,2025-06-20
WklyUnusualVol,BYD,2025-06-20
WklyUnusualVol,FHN,2025-06-20
WklyUnusualVol,JPM,2025-06-20
WklyUnusualVol,SPXC,2025-06-20
WklyUnusualVol,TCBI,2025-06-20
WklyUnusualVol,TDY,2025-06-20
WklyUnusualVol,SCHW,2025-06-20
WklyUnusualVol,SKYW,2025-06-20
WklyUnusualVol,SNPS,2025-06-20
WklyUnusualVol,WBS,2025-06-20
WklyUnusualVol,BANF,2025-06-20
WklyUnusualVol,CFG,2025-06-20
WklyUnusualVol,HROW,2025-06-20
WklyUnusualVol,IRDM,2025-06-20
WklyUnusualVol,BLK,2025-06-20
WklyUnusualVol,MDGL,2025-06-20
WklyUnusualVol,REPL,2025-06-20
WklyUnusualVol,SNV,2025-06-20
WklyUnusualVol,ATEN,2025-06-20
WklyUnusualVol,FAST,2025-06-20
DnDayRS,DAVE,2025-06-20
DnDayRS,HSAI,2025-06-20
DnDayRS,LEU,2025-06-20
DnDayRS,MP,2025-06-20
DnDayRS,OKLO,2025-06-20
DnDayRS,OUST,2025-06-20
DnDayRS,PSIX,2025-06-20
DnDayRS,QBTS,2025-06-20
DnDayRS,RKLB,2025-06-20
DnDayRS,SMR,2025-06-20
DnDayRS,ASTS,2025-06-20
DnDayRS,RBLX,2025-06-20
DnDayRS,TSSI,2025-06-20
DnDayRS,FARO,2025-06-20
DnDayRS,LIF,2025-06-20
DnDayRS,NET,2025-06-20
DnDayRS,SYM,2025-06-20
DnDayRS,CVNA,2025-06-20
DnDayRS,FIVE,2025-06-20
DnDayRS,UI,2025-06-20
DnDayRS,RDDT,2025-06-20
DnDayRS,TWLO,2025-06-20
DnDayRS,VST,2025-06-20
DnDayRS,AXON,2025-06-20
DnDayRS,BE,2025-06-20
DnDayRS,DASH,2025-06-20
DnDayRS,ESLT,2025-06-20
DnDayRS,FRHC,2025-06-20
DnDayRS,STX,2025-06-20
DnDayRS,BASE,2025-06-20
DnDayRS,COOP,2025-06-20
DnDayRS,SMTC,2025-06-20
DnDayRS,SNOW,2025-06-20
DnDayRS,WWD,2025-06-20
DnDayRS,ZS,2025-06-20
DnDayRS,CCL,2025-06-20
DnDayRS,FN,2025-06-20
DnDayRS,PEGA,2025-06-20
DnDayRS,VIK,2025-06-20
DnDayRS,WRBY,2025-06-20
DnDayRS,ECG,2025-06-20
DnDayRS,ELF,2025-06-20
DnDayRS,LPLA,2025-06-20
DnDayRS,SLAB,2025-06-20
DnDayRS,SNEX,2025-06-20
DnDayRS,TIGO,2025-06-20
DnDayRS,BTI,2025-06-20
DnDayRS,CRWD,2025-06-20
DnDayRS,SN,2025-06-20
DnDayRS,COF,2025-06-20
DnDayRS,GS,2025-06-20
DnDayRS,HAS,2025-06-20
DnDayRS,ROKU,2025-06-20
DnDayRS,VEEV,2025-06-20
DnDayRS,VRSN,2025-06-20
DnDayRS,WNS,2025-06-20
DnDayRS,BK,2025-06-20
DnDayRS,DDOG,2025-06-20
DnDayRS,META,2025-06-20
DnDayRS,SITM,2025-06-20
DnDayRS,STN,2025-06-20
DnDayRS,ULTA,2025-06-20
DnDayRS,BEPC,2025-06-20
DnDayRS,EWBC,2025-06-20
DnDayRS,FLR,2025-06-20
DnDayRS,FROG,2025-06-20
DnDayRS,NFG,2025-06-20
DnDayRS,SGI,2025-06-20
DnDayRS,FSS,2025-06-20
DnDayRS,CM,2025-06-20
DnDayRS,DELL,2025-06-20
DnDayRS,FHN,2025-06-20
DnDayRS,PLNT,2025-06-20
DnDayRS,PTC,2025-06-20
DnDayRS,TDY,2025-06-20
DnDayRS,UGI,2025-06-20
DnDayRS,ARMK,2025-06-20
DnDayRS,EBAY,2025-06-20
DnDayRS,HGV,2025-06-20
DnDayRS,ORA,2025-06-20
DnDayRS,PINS,2025-06-20
DnDayRS,STT,2025-06-20
DnDayRS,BPOP,2025-06-20
DnDayRS,GRMN,2025-06-20
DnDayRS,WBS,2025-06-20
DnDayRS,WFC,2025-06-20
DnDayRS,AMZN,2025-06-20
DnDayRS,SNV,2025-06-20
DnDayRS,WELL,2025-06-20
DnDayRS,MKSI,2025-06-20
DnDayRS,OMF,2025-06-20
DnDayRS,CAMT,2025-06-20
DnDayRS,ETR,2025-06-20
DnDayRS,EXPE,2025-06-20
DnDayRS,GTLS,2025-06-20
DnDayRS,RPRX,2025-06-20
DnDayRS,DAL,2025-06-20
DnDayRS,NXST,2025-06-20
DnDayRS,RF,2025-06-20
DnDayRS,BAC,2025-06-20
DnDayRS,FCX,2025-06-20
DnDayRS,HPE,2025-06-20
DnDayRS,PNC,2025-06-20
DnDayRS,AMP,2025-06-20
DnDayRS,CMI,2025-06-20
DnDayRS,ZWS,2025-06-20
DnDayRS,NI,2025-06-20
DnDayRS,GNRC,2025-06-20
DnDayRS,MPWR,2025-06-20
DnDayRS,ADSK,2025-06-20
DnDayRS,AEE,2025-06-20
DnDayRS,HOMB,2025-06-20
DnDayRS,PSTG,2025-06-20
DnDayRS,WEC,2025-06-20
DnDayRS,ES,2025-06-20
DnDayRS,SIG,2025-06-20
DnDayRS,XYL,2025-06-20
DnDayRS,HESM,2025-06-20
DnDayRS,BR,2025-06-20
Focus,CRWV,2025-06-20
Focus,DAVE,2025-06-20
Focus,GRRR,2025-06-20
Focus,MP,2025-06-20
Focus,RKLB,2025-06-20
Focus,SEZL,2025-06-20
Focus,APLD,2025-06-20
Focus,CRDO,2025-06-20
Focus,IREN,2025-06-20
Focus,NAGE,2025-06-20
Focus,PLTR,2025-06-20
Focus,AMSC,2025-06-20
Focus,COIN,2025-06-20
Focus,GOGO,2025-06-20
Focus,HIMS,2025-06-20
Focus,INOD,2025-06-20
Focus,RBRK,2025-06-20
Focus,SYM,2025-06-20
Focus,BKKT,2025-06-20
Focus,ETON,2025-06-20
Focus,UPST,2025-06-20
Focus,AFRM,2025-06-20
Focus,CCJ,2025-06-20
Focus,LUNR,2025-06-20
Focus,RDDT,2025-06-20
Focus,ROOT,2025-06-20
Focus,RYTM,2025-06-20
Focus,SE,2025-06-20
Focus,SEI,2025-06-20
Focus,VST,2025-06-20
Focus,ZVRA,2025-06-20
Focus,AXON,2025-06-20
Focus,BE,2025-06-20
Focus,RIOT,2025-06-20
Focus,STX,2025-06-20
Focus,ALAB,2025-06-20
Focus,BBIO,2025-06-20
Focus,IDR,2025-06-20
Focus,NVDA,2025-06-20
Focus,ONC,2025-06-20
Focus,ROAD,2025-06-20
Focus,SLAB,2025-06-20
Focus,AMD,2025-06-20
Focus,BPMC,2025-06-20
Focus,KNSA,2025-06-20
Focus,AEHR,2025-06-20
Focus,BROS,2025-06-20
Focus,DUOL,2025-06-20
Focus,SMCI,2025-06-20
Focus,TGTX,2025-06-20
Focus,ARQT,2025-06-20
Focus,PTGX,2025-06-20
Focus,SITM,2025-06-20
Focus,AMBA,2025-06-20
Focus,GRND,2025-06-20
Focus,JBTM,2025-06-20
Focus,MU,2025-06-20
Focus,WGS,2025-06-20
Focus,MIRM,2025-06-20
Focus,BYRN,2025-06-20
Focus,CYBR,2025-06-20
Focus,MELI,2025-06-20
Focus,OPRA,2025-06-20
Focus,HROW,2025-06-20
Focus,MARA,2025-06-20
Focus,AXSM,2025-06-20
Focus,HIPO,2025-06-20
Focus,PAR,2025-06-20
Focus,ALK,2025-06-20
Focus,MC,2025-06-20
Focus,AGI,2025-06-20
Focus,EGO,2025-06-20
Focus,MBLY,2025-06-20
Focus,TVTX,2025-06-20
Focus,AVDL,2025-06-20
Focus,MRVL,2025-06-20
Focus,LEGN,2025-06-20
Focus,PAY,2025-06-20
Focus,KVYO,2025-06-20
Focus,TARS,2025-06-20
Focus,FTAI,2025-06-20
Focus,RELY,2025-06-20
Focus,PWP,2025-06-20
Focus,NTRA,2025-06-20
Focus,HALO,2025-06-20
Focus,ADMA,2025-06-20
Focus,ARGX,2025-06-20
Focus,HHH,2025-06-20
Focus,ZETA,2025-06-20
Focus,TECK,2025-06-20
Focus,GLBE,2025-06-20
Focus,KRYS,2025-06-20
InstChng,AEVA,2025-06-20
InstChng,CDTX,2025-06-20
InstChng,CRWV,2025-06-20
InstChng,DAVE,2025-06-20
InstChng,HSAI,2025-06-20
InstChng,NEON,2025-06-20
InstChng,OKLO,2025-06-20
InstChng,PDYN,2025-06-20
InstChng,PSIX,2025-06-20
InstChng,QBTS,2025-06-20
InstChng,QUBT,2025-06-20
InstChng,RCAT,2025-06-20
InstChng,RGTI,2025-06-20
InstChng,AMLX,2025-06-20
InstChng,ASPI,2025-06-20
InstChng,GRPN,2025-06-20
InstChng,LTBR,2025-06-20
InstChng,NAGE,2025-06-20
InstChng,TNXP,2025-06-20
InstChng,TSSI,2025-06-20
InstChng,FTK,2025-06-20
InstChng,LIF,2025-06-20
InstChng,RBRK,2025-06-20
InstChng,RDW,2025-06-20
InstChng,SERV,2025-06-20
InstChng,BKKT,2025-06-20
InstChng,ETON,2025-06-20
InstChng,KRMN,2025-06-20
InstChng,MTSR,2025-06-20
InstChng,NNE,2025-06-20
InstChng,PONY,2025-06-20
InstChng,SRAD,2025-06-20
InstChng,KEP,2025-06-20
InstChng,ODD,2025-06-20
InstChng,PPTA,2025-06-20
InstChng,RDDT,2025-06-20
InstChng,FEIM,2025-06-20
InstChng,KINS,2025-06-20
InstChng,QXO,2025-06-20
InstChng,LTM,2025-06-20
InstChng,QURE,2025-06-20
InstChng,SLNO,2025-06-20
InstChng,TEM,2025-06-20
InstChng,USAU,2025-06-20
InstChng,IDR,2025-06-20
InstChng,BTDR,2025-06-20
InstChng,EADSY,2025-06-20
InstChng,TIGO,2025-06-20
InstChng,GENI,2025-06-20
InstChng,OM,2025-06-20
InstChng,RUM,2025-06-20
InstChng,GTX,2025-06-20
InstChng,MRX,2025-06-20
InstChng,CLMT,2025-06-20
InstChng,NEXN,2025-06-20
InstChng,BKV,2025-06-20
InstChng,MLYS,2025-06-20
InstChng,VG,2025-06-20
InstChng,BNED,2025-06-20
InstChng,AGI,2025-06-20
InstChng,ZGN,2025-06-20
InstChng,GSRT,2025-06-20
InstChng,AMTM,2025-06-20
InstChng,NGG,2025-06-20
InstChng,SAIL,2025-06-20
InstChng,MBAV,2025-06-20
InstChng,TTAN,2025-06-20
InstChng,NVGS,2025-06-20
InstChng,SNDK,2025-06-20
InstChng,TIC,2025-06-20
InstChng,DCTH,2025-06-20
InstChng,GRDN,2025-06-20
InstChng,LOAR,2025-06-20
InstChng,ANGI,2025-06-20
InstChng,CLPT,2025-06-20
InstChng,SILA,2025-06-20
InstChng,TTAM,2025-06-20
InstChng,AMCR,2025-06-20
InstChng,BIRK,2025-06-20
InstChng,JHX,2025-06-20
InstChng,INR,2025-06-20
InstChng,WRD,2025-06-20
InstChng,MTPLF,2025-06-20
InstChng,FLOC,2025-06-20
InstChng,KMTS,2025-06-20
InstChng,AUGO,2025-06-20
Power,CDTX,2025-06-20
Power,HOOD,2025-06-20
Power,HOOG,2025-06-20
Power,LEU,2025-06-20
Power,MP,2025-06-20
Power,OUST,2025-06-20
Power,PGY,2025-06-20
Power,PRCH,2025-06-20
Power,PSIX,2025-06-20
Power,PTHL,2025-06-20
Power,QS,2025-06-20
Power,RKLB,2025-06-20
Power,RKLX,2025-06-20
Power,ROBN,2025-06-20
Power,SMR,2025-06-20
Power,TZUP,2025-06-20
Power,ASPI,2025-06-20
Power,ASTS,2025-06-20
Power,DOMO,2025-06-20
Power,ISSC,2025-06-20
Power,JOBY,2025-06-20
Power,PCT,2025-06-20
Power,RBLX,2025-06-20
Power,XXRP,2025-06-20
Power,AMSC,2025-06-20
Power,COIN,2025-06-20
Power,DFEN,2025-06-20
Power,FUTU,2025-06-20
Power,GEV,2025-06-20
Power,KTOS,2025-06-20
Power,LIF,2025-06-20
Power,SYM,2025-06-20
Power,TPR,2025-06-20
Power,U,2025-06-20
Power,XRPT,2025-06-20
Power,ATI,2025-06-20
Power,CRS,2025-06-20
Power,FIVE,2025-06-20
Power,HWM,2025-06-20
Power,RCL,2025-06-20
Power,STRL,2025-06-20
Power,TLN,2025-06-20
Power,ARKF,2025-06-20
Power,ARKW,2025-06-20
Power,CCJ,2025-06-20
Power,IBKR,2025-06-20
Power,IMPUY,2025-06-20
Power,ARKK,2025-06-20
Power,NEXT,2025-06-20
Power,XRPI,2025-06-20
Power,APH,2025-06-20
Power,DY,2025-06-20
Power,URA,2025-06-20
Power,WWD,2025-06-20
Power,FN,2025-06-20
Power,MTZ,2025-06-20
Power,VIK,2025-06-20
Power,C,2025-06-20
Power,CPNG,2025-06-20
Power,EADSY,2025-06-20
Power,NLR,2025-06-20
Power,CG,2025-06-20
Power,EME,2025-06-20
Power,METV,2025-06-20
Power,AZZ,2025-06-20
Power,PWR,2025-06-20
Power,TRMB,2025-06-20
Power,BK,2025-06-20
Power,ITA,2025-06-20
Power,OKLL,2025-06-20
Power,GLXY,2025-06-20
Power,TDY,2025-06-20
Power,XME,2025-06-20
Power,IYW,2025-06-20
Power,SCHW,2025-06-20
Power,SPHB,2025-06-20
Power,GRNY,2025-06-20
Power,NBXG,2025-06-20
Power,RPG,2025-06-20
Power,IVW,2025-06-20
Power,QGRW,2025-06-20
Power,SPYG,2025-06-20
Power,VUG,2025-06-20
Power,IUSG,2025-06-20
Power,SSK,2025-06-20
Power,BLGR,2025-06-20
Power,GLIBA,2025-06-20
Power,GLIBK,2025-06-20
Power3,RBRK,2025-06-20
Power3,NRG,2025-06-20
Power3,PM,2025-06-20
Power3,TGI,2025-06-20
Power3,ULS,2025-06-20
Power3,VRSN,2025-06-20
Power3,SLM,2025-06-20
Power3,UGL,2025-06-20
Power3,AEM,2025-06-20
Power3,CYBR,2025-06-20
Power3,EUFN,2025-06-20
Power3,EWG,2025-06-20
Power3,EWI,2025-06-20
Power3,SGOL,2025-06-20
Power3,UNM,2025-06-20
Power3,AAAU,2025-06-20
Power3,BAR,2025-06-20
Power3,GLDM,2025-06-20
Power3,HDB,2025-06-20
Power3,IAU,2025-06-20
Power3,IAUM,2025-06-20
Power3,NTR,2025-06-20
Power3,OUNZ,2025-06-20
Power3,SFD,2025-06-20
Power3,CME,2025-06-20
Power3,GLD,2025-06-20
Power3,MCK,2025-06-20
Power3,PHYS,2025-06-20
Power3,COR,2025-06-20
Power3,EZU,2025-06-20
Power3,ICE,2025-06-20
Power3,BSX,2025-06-20
Power3,HG,2025-06-20
Power3,AVDE,2025-06-20
Power3,DFIV,2025-06-20
Power3,DTM,2025-06-20
Power3,FENI,2025-06-20
Power3,FEZ,2025-06-20
Power3,IMTM,2025-06-20
Power3,IEUR,2025-06-20
Power3,IVLU,2025-06-20
Power3,SPEU,2025-06-20
Power3,VGK,2025-06-20
Power3,WCMI,2025-06-20
Power3,ADT,2025-06-20
Power3,BBEU,2025-06-20
Power3,CGIE,2025-06-20
Power3,DFAI,2025-06-20
Power3,EFV,2025-06-20
Power3,GSIE,2025-06-20
Power3,IEV,2025-06-20
Power3,SPDW,2025-06-20
Power3,VYMI,2025-06-20
Power3,SCHY,2025-06-20
Power3,EWQ,2025-06-20
Power3,EWW,2025-06-20
Power3,IDEV,2025-06-20
Power3,IEFA,2025-06-20
Power3,JIRE,2025-06-20
Power3,EFA,2025-06-20
Power3,EFAV,2025-06-20
Power3,ESGD,2025-06-20
Power3,EWU,2025-06-20
Power3,IGF,2025-06-20
Power3,RHHBY,2025-06-20
Power3,DIHP,2025-06-20
Power3,EFG,2025-06-20
Power3,IBN,2025-06-20
Power3,SYK,2025-06-20
Power3,EWL,2025-06-20
Power3,GLNG,2025-06-20
Power3,IQLT,2025-06-20
Power3,KMI,2025-06-20
Power3,NGG,2025-06-20
Power3,RELX,2025-06-20
Power3,ROL,2025-06-20
Power3,SMA,2025-06-20
Power3,BR,2025-06-20
Power3,DXCM,2025-06-20
Power3,HEFA,2025-06-20
Power3,LVHI,2025-06-20
Power3,DBEF,2025-06-20
Power3,ENB,2025-06-20
Power3,FTS,2025-06-20
Power3,OGE,2025-06-20
Power3,VIGI,2025-06-20
Power3,EBND,2025-06-20
Power3,IGOV,2025-06-20
Power3,BALT,2025-06-20
Power3,BWZ,2025-06-20
Power3,EW,2025-06-20
Power3,EXC,2025-06-20
Power3,AACT,2025-06-20
Power3,BWX,2025-06-20
Power3,BOXX,2025-06-20
Power3,KO,2025-06-20
Power3,TIPX,2025-06-20
Power3,VTIP,2025-06-20
Power3,BSCR,2025-06-20
Power3,BSV,2025-06-20
Power3,CGSD,2025-06-20
Power3,DFSD,2025-06-20
Power3,IEI,2025-06-20
Power3,IGSB,2025-06-20
Power3,ISTB,2025-06-20
Power3,JPLD,2025-06-20
Power3,LMBS,2025-06-20
Power3,PAAA,2025-06-20
Power3,STIP,2025-06-20
Power3,SUB,2025-06-20
Power3,TDTT,2025-06-20
Power3,TIP,2025-06-20
Power3,VCSH,2025-06-20
Power3,BSCP,2025-06-20
Power3,BSCQ,2025-06-20
Power3,BUXX,2025-06-20
Power3,GSY,2025-06-20
Power3,IBDQ,2025-06-20
Power3,IBDR,2025-06-20
Power3,IBTH,2025-06-20
Power3,JPST,2025-06-20
Power3,OMAH,2025-06-20
Power3,SCHO,2025-06-20
Power3,SGOV,2025-06-20
Power3,SPTS,2025-06-20
Power3,TFLO,2025-06-20
Power3,VBIL,2025-06-20
Power3,VGSH,2025-06-20
Power3,VNLA,2025-06-20
Power3,SHY,2025-06-20
Velocity,CDTX,2025-06-20
Velocity,DAVE,2025-06-20
Velocity,NEON,2025-06-20
Velocity,PGY,2025-06-20
Velocity,PSIX,2025-06-20
Velocity,ASPI,2025-06-20
Velocity,DOMO,2025-06-20
Velocity,VHC,2025-06-20
Velocity,CYD,2025-06-20
Velocity,INBX,2025-06-20
Velocity,TLN,2025-06-20
Velocity,PPTA,2025-06-20
Velocity,FRHC,2025-06-20
Velocity,SOC,2025-06-20
Velocity,CRSP,2025-06-20
Velocity,DCO,2025-06-20
Velocity,IDR,2025-06-20
Velocity,BWAY,2025-06-20
Velocity,LPLA,2025-06-20
Velocity,PKE,2025-06-20
Velocity,STOK,2025-06-20
Velocity,KSCP,2025-06-20
Velocity,MVBF,2025-06-20
Velocity,RDCM,2025-06-20
Velocity,BSVN,2025-06-20
Velocity,BANF,2025-06-20
Velocity,INDB,2025-06-20
Velocity,CRC,2025-06-20
Velocity,MCS,2025-06-20
Velocity,MRBK,2025-06-20
Velocity,TARS,2025-06-20
100pctYr,ABVX,2025-07-27
100pctYr,AEVA,2025-07-27
100pctYr,AMPX,2025-07-27
100pctYr,ARQQ,2025-07-27
100pctYr,BBAI,2025-07-27
100pctYr,CDTX,2025-07-27
100pctYr,HOOD,2025-07-27
100pctYr,JOBY,2025-07-27
100pctYr,LEU,2025-07-27
100pctYr,MP,2025-07-27
100pctYr,NEGG,2025-07-27
100pctYr,NVTS,2025-07-27
100pctYr,OKLO,2025-07-27
100pctYr,PDYN,2025-07-27
100pctYr,PLTR,2025-07-27
100pctYr,PRCH,2025-07-27
100pctYr,PSIX,2025-07-27
100pctYr,QBTS,2025-07-27
100pctYr,QUBT,2025-07-27
100pctYr,RGC,2025-07-27
100pctYr,RGTI,2025-07-27
100pctYr,RKLB,2025-07-27
100pctYr,SBET,2025-07-27
100pctYr,SGMT,2025-07-27
100pctYr,SMR,2025-07-27
100pctYr,TDUP,2025-07-27
100pctYr,TMC,2025-07-27
100pctYr,TSSI,2025-07-27
100pctYr,UMAC,2025-07-27
100pctYr,ASPI,2025-07-27
100pctYr,ASTS,2025-07-27
100pctYr,BE,2025-07-27
100pctYr,BKSY,2025-07-27
100pctYr,CAR,2025-07-27
100pctYr,CLS,2025-07-27
100pctYr,COMM,2025-07-27
100pctYr,CRDO,2025-07-27
100pctYr,GEV,2025-07-27
100pctYr,IONQ,2025-07-27
100pctYr,LTBR,2025-07-27
100pctYr,NBIS,2025-07-27
100pctYr,PGY,2025-07-27
100pctYr,RBLX,2025-07-27
100pctYr,RNMBY,2025-07-27
100pctYr,SBSW,2025-07-27
100pctYr,TTMI,2025-07-27
100pctYr,VNET,2025-07-27
100pctYr,VRNA,2025-07-27
100pctYr,WLDN,2025-07-27
100pctYr,AAOI,2025-07-27
100pctYr,ACHR,2025-07-27
100pctYr,AGX,2025-07-27
100pctYr,APLD,2025-07-27
100pctYr,AS,2025-07-27
100pctYr,FUTU,2025-07-27
100pctYr,GDS,2025-07-27
100pctYr,KTOS,2025-07-27
100pctYr,LIF,2025-07-27
100pctYr,NET,2025-07-27
100pctYr,SGHC,2025-07-27
100pctYr,TLN,2025-07-27
100pctYr,TPR,2025-07-27
100pctYr,UPST,2025-07-27
100pctYr,XIACY,2025-07-27
100pctYr,ADPT,2025-07-27
100pctYr,ALAB,2025-07-27
100pctYr,FIX,2025-07-27
100pctYr,IESC,2025-07-27
100pctYr,INOD,2025-07-27
100pctYr,OLO,2025-07-27
100pctYr,RCL,2025-07-27
100pctYr,SOFI,2025-07-27
100pctYr,SRAD,2025-07-27
100pctYr,STRL,2025-07-27
100pctYr,AFRM,2025-07-27
100pctYr,ARKW,2025-07-27
100pctYr,CVNA,2025-07-27
100pctYr,DASH,2025-07-27
100pctYr,DB,2025-07-27
100pctYr,ESLT,2025-07-27
100pctYr,HWM,2025-07-27
100pctYr,IBKR,2025-07-27
100pctYr,JBL,2025-07-27
100pctYr,LITE,2025-07-27
100pctYr,LMB,2025-07-27
100pctYr,LUNR,2025-07-27
100pctYr,NRG,2025-07-27
100pctYr,ORLA,2025-07-27
100pctYr,RDDT,2025-07-27
100pctYr,SEI,2025-07-27
100pctYr,SSRM,2025-07-27
100pctYr,TIGR,2025-07-27
100pctYr,U,2025-07-27
100pctYr,VST,2025-07-27
100pctYr,YINN,2025-07-27
100pctYr,ATAT,2025-07-27
100pctYr,CRS,2025-07-27
100pctYr,DXPE,2025-07-27
100pctYr,MIR,2025-07-27
100pctYr,PPTA,2025-07-27
100pctYr,SE,2025-07-27
100pctYr,TWLO,2025-07-27
100pctYr,AHR,2025-07-27
100pctYr,GLXY,2025-07-27
100pctYr,SMMT,2025-07-27
100pctYr,LLYVK,2025-07-27
100pctYr,SHOP,2025-07-27
100pctYr,WGS,2025-07-27
10pctWeek,ABVX,2025-07-27
10pctWeek,NEGG,2025-07-27
10pctWeek,NVTS,2025-07-27
10pctWeek,PTHL,2025-07-27
10pctWeek,TSSI,2025-07-27
10pctWeek,BE,2025-07-27
10pctWeek,GEV,2025-07-27
10pctWeek,AGX,2025-07-27
10pctWeek,AEHR,2025-07-27
10pctWeek,ALAB,2025-07-27
10pctWeek,BYON,2025-07-27
10pctWeek,FIX,2025-07-27
10pctWeek,DB,2025-07-27
10pctWeek,SEI,2025-07-27
10pctWeek,URGN,2025-07-27
10pctWeek,W,2025-07-27
10pctWeek,BELFB,2025-07-27
10pctWeek,EME,2025-07-27
10pctWeek,GLXY,2025-07-27
10pctWeek,GTX,2025-07-27
10pctWeek,LQDA,2025-07-27
10pctWeek,PHAT,2025-07-27
10pctWeek,COUR,2025-07-27
10pctWeek,DNA,2025-07-27
10pctWeek,RYAAY,2025-07-27
10pctWeek,SFTBY,2025-07-27
10pctWeek,UEC,2025-07-27
10pctWeek,PEGA,2025-07-27
10pctWeek,TEL,2025-07-27
10pctWeek,BMBL,2025-07-27
10pctWeek,HGV,2025-07-27
10pctWeek,MEDP,2025-07-27
10pctWeek,TNL,2025-07-27
10pctWeek,ZLAB,2025-07-27
52wkH,ANPA,2025-07-27
52wkH,PLTR,2025-07-27
52wkH,PTHL,2025-07-27
52wkH,BE,2025-07-27
52wkH,GEV,2025-07-27
52wkH,VRNA,2025-07-27
52wkH,LIF,2025-07-27
52wkH,FIX,2025-07-27
52wkH,IESC,2025-07-27
52wkH,STRL,2025-07-27
52wkH,ATI,2025-07-27
52wkH,DASH,2025-07-27
52wkH,W,2025-07-27
52wkH,BELFB,2025-07-27
52wkH,DXPE,2025-07-27
52wkH,INDV,2025-07-27
52wkH,SAN,2025-07-27
52wkH,DY,2025-07-27
52wkH,EME,2025-07-27
52wkH,GTX,2025-07-27
52wkH,LQDA,2025-07-27
52wkH,MTZ,2025-07-27
52wkH,MYRG,2025-07-27
52wkH,TOST,2025-07-27
52wkH,COUR,2025-07-27
52wkH,JCI,2025-07-27
52wkH,MRUS,2025-07-27
52wkH,OCUL,2025-07-27
52wkH,PRIM,2025-07-27
52wkH,RYAAY,2025-07-27
52wkH,CG,2025-07-27
52wkH,SXT,2025-07-27
52wkH,TEL,2025-07-27
52wkH,VRSN,2025-07-27
52wkH,GS,2025-07-27
52wkH,GTES,2025-07-27
52wkH,IVZ,2025-07-27
52wkH,NEM,2025-07-27
52wkH,TRMB,2025-07-27
52wkH,ULTA,2025-07-27
52wkH,EMR,2025-07-27
52wkH,PWR,2025-07-27
52wkH,SYF,2025-07-27
52wkH,BWXT,2025-07-27
52wkH,FHI,2025-07-27
52wkH,IDXX,2025-07-27
52wkH,STT,2025-07-27
52wkH,CAT,2025-07-27
52wkH,AMG,2025-07-27
52wkH,SNX,2025-07-27
52wkH,GL,2025-07-27
52wkH,PH,2025-07-27
52wkH,UBS,2025-07-27
52wkH,ALLE,2025-07-27
52wkH,USM,2025-07-27
52wkH,CDNS,2025-07-27
52wkH,NTST,2025-07-27
52wkH,RMD,2025-07-27
52wkH,LECO,2025-07-27
52wkH,ICE,2025-07-27
52wkH,EW,2025-07-27
52wkH,R,2025-07-27
52wkH,FSV,2025-07-27
52wkH,QGEN,2025-07-27
90RS,AEVA,2025-07-27
90RS,AMPX,2025-07-27
90RS,CRWV,2025-07-27
90RS,HOOD,2025-07-27
90RS,LEU,2025-07-27
90RS,MP,2025-07-27
90RS,OUST,2025-07-27
90RS,PLTR,2025-07-27
90RS,PSIX,2025-07-27
90RS,QBTS,2025-07-27
90RS,QUBT,2025-07-27
90RS,RKLB,2025-07-27
90RS,SMR,2025-07-27
90RS,TSSI,2025-07-27
90RS,UMAC,2025-07-27
90RS,ASPI,2025-07-27
90RS,ASTS,2025-07-27
90RS,BE,2025-07-27
90RS,BKSY,2025-07-27
90RS,CLS,2025-07-27
90RS,COMM,2025-07-27
90RS,CRDO,2025-07-27
90RS,IREN,2025-07-27
90RS,NBIS,2025-07-27
90RS,RBLX,2025-07-27
90RS,RNMBY,2025-07-27
90RS,WLDN,2025-07-27
90RS,AAOI,2025-07-27
90RS,AGX,2025-07-27
90RS,AMSC,2025-07-27
90RS,APLD,2025-07-27
90RS,AS,2025-07-27
90RS,DCPH,2025-07-27
90RS,FUTU,2025-07-27
90RS,GOGO,2025-07-27
90RS,LFMD,2025-07-27
90RS,LIF,2025-07-27
90RS,NET,2025-07-27
90RS,SGHC,2025-07-27
90RS,SYM,2025-07-27
90RS,UPST,2025-07-27
90RS,XIACY,2025-07-27
90RS,ADPT,2025-07-27
90RS,ALAB,2025-07-27
90RS,COIN,2025-07-27
90RS,FIVE,2025-07-27
90RS,FIX,2025-07-27
90RS,INOD,2025-07-27
90RS,OLO,2025-07-27
90RS,SOFI,2025-07-27
90RS,VERV,2025-07-27
90RS,AFRM,2025-07-27
90RS,CCJ,2025-07-27
90RS,CVNA,2025-07-27
90RS,DASH,2025-07-27
90RS,ESLT,2025-07-27
90RS,IBKR,2025-07-27
90RS,ODD,2025-07-27
90RS,ORLA,2025-07-27
90RS,RDDT,2025-07-27
90RS,ROOT,2025-07-27
90RS,RYTM,2025-07-27
90RS,SEI,2025-07-27
90RS,SSRM,2025-07-27
90RS,TIGR,2025-07-27
90RS,VST,2025-07-27
90RS,ATAT,2025-07-27
90RS,AVAV,2025-07-27
90RS,AVGO,2025-07-27
90RS,BELFB,2025-07-27
90RS,KRMN,2025-07-27
90RS,LMND,2025-07-27
90RS,PRM,2025-07-27
90RS,SE,2025-07-27
90RS,SNOW,2025-07-27
90RS,STX,2025-07-27
90RS,CDE,2025-07-27
90RS,CRSP,2025-07-27
90RS,ECG,2025-07-27
90RS,EXEL,2025-07-27
90RS,GLXY,2025-07-27
90RS,PHAT,2025-07-27
90RS,RIOT,2025-07-27
90RS,TOST,2025-07-27
90RS,APH,2025-07-27
90RS,CALX,2025-07-27
90RS,DNA,2025-07-27
90RS,GE,2025-07-27
90RS,INSM,2025-07-27
90RS,MRUS,2025-07-27
90RS,NN,2025-07-27
90RS,NVDA,2025-07-27
90RS,RYAAY,2025-07-27
90RS,SHOP,2025-07-27
90RS,SMTC,2025-07-27
90RS,VIK,2025-07-27
90RS,VRT,2025-07-27
90RS,WDC,2025-07-27
90RS,ZS,2025-07-27
90RS,AG,2025-07-27
90RS,AMD,2025-07-27
90RS,CG,2025-07-27
90RS,WPM,2025-07-27
90RS,AEM,2025-07-27
90RS,BILI,2025-07-27
90RS,CIEN,2025-07-27
90RS,LKNCY,2025-07-27
90RS,ONC,2025-07-27
90RS,OR,2025-07-27
90RS,SNEX,2025-07-27
90RS,TEM,2025-07-27
90RS,TSM,2025-07-27
90RS,ZLAB,2025-07-27
EPS50,HOOD,2025-07-27
EPS50,PLTR,2025-07-27
EPS50,PSIX,2025-07-27
EPS50,TSSI,2025-07-27
EPS50,CRDO,2025-07-27
EPS50,PGY,2025-07-27
EPS50,RNMBY,2025-07-27
EPS50,TTMI,2025-07-27
EPS50,WLDN,2025-07-27
EPS50,AGX,2025-07-27
EPS50,AMSC,2025-07-27
EPS50,AS,2025-07-27
EPS50,FUTU,2025-07-27
EPS50,LFMD,2025-07-27
EPS50,SGHC,2025-07-27
EPS50,TPC,2025-07-27
EPS50,XIACY,2025-07-27
EPS50,ALAB,2025-07-27
EPS50,FIX,2025-07-27
EPS50,INOD,2025-07-27
EPS50,MGNI,2025-07-27
EPS50,RCL,2025-07-27
EPS50,SOFI,2025-07-27
EPS50,ATI,2025-07-27
EPS50,CVNA,2025-07-27
EPS50,HWM,2025-07-27
EPS50,LITE,2025-07-27
EPS50,MLCO,2025-07-27
EPS50,NRG,2025-07-27
EPS50,ORLA,2025-07-27
EPS50,SEI,2025-07-27
EPS50,SSRM,2025-07-27
EPS50,TIGR,2025-07-27
EPS50,AVAV,2025-07-27
EPS50,CRS,2025-07-27
EPS50,DXPE,2025-07-27
EPS50,KRMN,2025-07-27
EPS50,MIR,2025-07-27
EPS50,SNOW,2025-07-27
EPS50,STX,2025-07-27
EPS50,CCL,2025-07-27
EPS50,CUK,2025-07-27
EPS50,EXEL,2025-07-27
EPS50,GOOS,2025-07-27
EPS50,GTX,2025-07-27
EPS50,LTM,2025-07-27
EPS50,APH,2025-07-27
EPS50,CALX,2025-07-27
EPS50,PRIM,2025-07-27
EPS50,RYAAY,2025-07-27
EPS50,SFTBY,2025-07-27
EPS50,SMTC,2025-07-27
EPS50,AMD,2025-07-27
EPS50,BZ,2025-07-27
EPS50,CG,2025-07-27
EPS50,UTI,2025-07-27
EPS50,WPM,2025-07-27
EPS50,AEM,2025-07-27
EPS50,CAE,2025-07-27
EPS50,CIEN,2025-07-27
EPS50,CTLP,2025-07-27
EPS50,KAR,2025-07-27
EPS50,TSM,2025-07-27
EPSEst,AMPX,2025-07-27
EPSEst,BBAI,2025-07-27
EPSEst,MP,2025-07-27
EPSEst,PRCH,2025-07-27
EPSEst,RKLB,2025-07-27
EPSEst,BE,2025-07-27
EPSEst,CAR,2025-07-27
EPSEst,GEV,2025-07-27
EPSEst,GRPN,2025-07-27
EPSEst,IREN,2025-07-27
EPSEst,METC,2025-07-27
EPSEst,PGY,2025-07-27
EPSEst,SBSW,2025-07-27
EPSEst,TNXP,2025-07-27
EPSEst,VNET,2025-07-27
EPSEst,VRNA,2025-07-27
EPSEst,AAOI,2025-07-27
EPSEst,GOGO,2025-07-27
EPSEst,LIF,2025-07-27
EPSEst,SEDG,2025-07-27
EPSEst,SYM,2025-07-27
EPSEst,TLN,2025-07-27
EPSEst,TPC,2025-07-27
EPSEst,UPST,2025-07-27
EPSEst,UUUU,2025-07-27
EPSEst,AEHR,2025-07-27
EPSEst,COIN,2025-07-27
EPSEst,PARR,2025-07-27
EPSEst,SOFI,2025-07-27
EPSEst,AFRM,2025-07-27
EPSEst,CCJ,2025-07-27
EPSEst,DASH,2025-07-27
EPSEst,LITE,2025-07-27
EPSEst,LUNR,2025-07-27
EPSEst,MLCO,2025-07-27
EPSEst,RDDT,2025-07-27
EPSEst,SEI,2025-07-27
EPSEst,SSRM,2025-07-27
EPSEst,URGN,2025-07-27
EPSEst,W,2025-07-27
EPSEst,ALGM,2025-07-27
EPSEst,HTZ,2025-07-27
EPSEst,KRMN,2025-07-27
EPSEst,PPTA,2025-07-27
EPSEst,WBD,2025-07-27
EPSEst,AAP,2025-07-27
EPSEst,LQDA,2025-07-27
EPSEst,PHAT,2025-07-27
EPSEst,RIOT,2025-07-27
EPSEst,SLNO,2025-07-27
EPSEst,ACAD,2025-07-27
EPSEst,UEC,2025-07-27
EPSEst,AMD,2025-07-27
EPSEst,BASE,2025-07-27
EPSEst,DK,2025-07-27
EPSEst,BILI,2025-07-27
EPSEst,ONC,2025-07-27
EPSEst,SPRY,2025-07-27
EPSEst,TEM,2025-07-27
EPSEst,ZK,2025-07-27
EPSEst,ZLAB,2025-07-27
HRS,ABVX,2025-07-27
HRS,AEVA,2025-07-27
HRS,AMPX,2025-07-27
HRS,ANPA,2025-07-27
HRS,ARQQ,2025-07-27
HRS,BBAI,2025-07-27
HRS,BMNR,2025-07-27
HRS,CDTX,2025-07-27
HRS,CRCL,2025-07-27
HRS,CRWV,2025-07-27
HRS,HOOD,2025-07-27
HRS,HYPD,2025-07-27
HRS,JOBY,2025-07-27
HRS,LEU,2025-07-27
HRS,MP,2025-07-27
HRS,NAKA,2025-07-27
HRS,NEGG,2025-07-27
HRS,NVTS,2025-07-27
HRS,OKLO,2025-07-27
HRS,OUST,2025-07-27
HRS,PDYN,2025-07-27
HRS,PLTR,2025-07-27
HRS,PRCH,2025-07-27
HRS,PSIX,2025-07-27
HRS,PTHL,2025-07-27
HRS,QBTS,2025-07-27
HRS,QUBT,2025-07-27
HRS,RGC,2025-07-27
HRS,RGTI,2025-07-27
HRS,RKLB,2025-07-27
HRS,SBET,2025-07-27
HRS,SEZL,2025-07-27
HRS,SGMT,2025-07-27
HRS,SMR,2025-07-27
HRS,TDUP,2025-07-27
HRS,TMC,2025-07-27
HRS,TRON,2025-07-27
HRS,TSSI,2025-07-27
HRS,UMAC,2025-07-27
HRS,ASPI,2025-07-27
HRS,ASTS,2025-07-27
HRS,BE,2025-07-27
HRS,BKSY,2025-07-27
HRS,CAR,2025-07-27
HRS,CLS,2025-07-27
HRS,COMM,2025-07-27
HRS,CRDO,2025-07-27
HRS,EYE,2025-07-27
HRS,GEV,2025-07-27
HRS,GRPN,2025-07-27
HRS,INKT,2025-07-27
HRS,IONQ,2025-07-27
HRS,IREN,2025-07-27
HRS,LTBR,2025-07-27
HRS,METC,2025-07-27
HRS,NBIS,2025-07-27
HRS,PGY,2025-07-27
HRS,QS,2025-07-27
HRS,RBLX,2025-07-27
HRS,RCAT,2025-07-27
HRS,RNMBY,2025-07-27
HRS,SBSW,2025-07-27
HRS,TNXP,2025-07-27
HRS,TTMI,2025-07-27
HRS,VNET,2025-07-27
HRS,VRNA,2025-07-27
HRS,WLDN,2025-07-27
HRS,AAOI,2025-07-27
HRS,ACHR,2025-07-27
HRS,AGX,2025-07-27
HRS,AMSC,2025-07-27
HRS,APLD,2025-07-27
HRS,AS,2025-07-27
HRS,DCPH,2025-07-27
HRS,FUTU,2025-07-27
HRS,GDS,2025-07-27
HRS,GOGO,2025-07-27
HRS,KTOS,2025-07-27
HRS,LASR,2025-07-27
HRS,LFMD,2025-07-27
HRS,LIF,2025-07-27
HRS,NET,2025-07-27
HRS,SEDG,2025-07-27
HRS,SGHC,2025-07-27
HRS,SYM,2025-07-27
HRS,TLN,2025-07-27
HRS,TPC,2025-07-27
HRS,TPR,2025-07-27
HRS,UPST,2025-07-27
HRS,UUUU,2025-07-27
HRS,XIACY,2025-07-27
IPO3yr,ABVX,2025-07-27
IPO3yr,ANPA,2025-07-27
IPO3yr,CRCL,2025-07-27
IPO3yr,CRWV,2025-07-27
IPO3yr,HOOD,2025-07-27
IPO3yr,OKLO,2025-07-27
IPO3yr,PTHL,2025-07-27
IPO3yr,RGC,2025-07-27
IPO3yr,SGMT,2025-07-27
IPO3yr,TDUP,2025-07-27
IPO3yr,UMAC,2025-07-27
IPO3yr,ASPI,2025-07-27
IPO3yr,CRDO,2025-07-27
IPO3yr,IREN,2025-07-27
IPO3yr,RBLX,2025-07-27
IPO3yr,AS,2025-07-27
IPO3yr,LIF,2025-07-27
IPO3yr,SYM,2025-07-27
IPO3yr,ALAB,2025-07-27
IPO3yr,COIN,2025-07-27
IPO3yr,MTSR,2025-07-27
IPO3yr,OLO,2025-07-27
IPO3yr,SRAD,2025-07-27
IPO3yr,VERV,2025-07-27
IPO3yr,AFRM,2025-07-27
IPO3yr,ODD,2025-07-27
IPO3yr,RDDT,2025-07-27
IPO3yr,ATAT,2025-07-27
IPO3yr,KRMN,2025-07-27
IPO3yr,AHR,2025-07-27
IPO3yr,GLXY,2025-07-27
IPO3yr,TOST,2025-07-27
IPO3yr,COUR,2025-07-27
IPO3yr,VIK,2025-07-27
IPO3yr,BASE,2025-07-27
IPO3yr,BZ,2025-07-27
IPO3yr,WRBY,2025-07-27
IPO3yr,BMBL,2025-07-27
IPO3yr,TEM,2025-07-27
IPO3yr,ZK,2025-07-27
WklyUnusualVol,ABVX,2025-07-27
WklyUnusualVol,JOBY,2025-07-27
WklyUnusualVol,PSIX,2025-07-27
WklyUnusualVol,PTHL,2025-07-27
WklyUnusualVol,BE,2025-07-27
WklyUnusualVol,GEV,2025-07-27
WklyUnusualVol,METC,2025-07-27
WklyUnusualVol,PGY,2025-07-27
WklyUnusualVol,TNXP,2025-07-27
WklyUnusualVol,TTMI,2025-07-27
WklyUnusualVol,TLN,2025-07-27
WklyUnusualVol,AEHR,2025-07-27
WklyUnusualVol,ALAB,2025-07-27
WklyUnusualVol,BYON,2025-07-27
WklyUnusualVol,FIX,2025-07-27
WklyUnusualVol,VERV,2025-07-27
WklyUnusualVol,DB,2025-07-27
WklyUnusualVol,LUNR,2025-07-27
WklyUnusualVol,SEI,2025-07-27
WklyUnusualVol,BELFB,2025-07-27
WklyUnusualVol,COOP,2025-07-27
WklyUnusualVol,DXPE,2025-07-27
WklyUnusualVol,INDV,2025-07-27
WklyUnusualVol,PBI,2025-07-27
WklyUnusualVol,WBD,2025-07-27
WklyUnusualVol,GLXY,2025-07-27
WklyUnusualVol,LQDA,2025-07-27
WklyUnusualVol,RIOT,2025-07-27
WklyUnusualVol,TOST,2025-07-27
WklyUnusualVol,APH,2025-07-27
WklyUnusualVol,CAKE,2025-07-27
WklyUnusualVol,CALX,2025-07-27
WklyUnusualVol,COUR,2025-07-27
WklyUnusualVol,DNA,2025-07-27
WklyUnusualVol,LLYVK,2025-07-27
WklyUnusualVol,RYAAY,2025-07-27
WklyUnusualVol,BCS,2025-07-27
WklyUnusualVol,PEGA,2025-07-27
WklyUnusualVol,SXT,2025-07-27
WklyUnusualVol,TEL,2025-07-27
WklyUnusualVol,TIGO,2025-07-27
WklyUnusualVol,WT,2025-07-27
WklyUnusualVol,BMBL,2025-07-27
WklyUnusualVol,HGV,2025-07-27
WklyUnusualVol,IVZ,2025-07-27
WklyUnusualVol,KB,2025-07-27
WklyUnusualVol,MEDP,2025-07-27
WklyUnusualVol,TNL,2025-07-27
WklyUnusualVol,TRMB,2025-07-27
WklyUnusualVol,CENX,2025-07-27
WklyUnusualVol,DQ,2025-07-27
WklyUnusualVol,HLF,2025-07-27
WklyUnusualVol,ING,2025-07-27
WklyUnusualVol,SYF,2025-07-27
WklyUnusualVol,TDS,2025-07-27
WklyUnusualVol,AGYS,2025-07-27
WklyUnusualVol,MT,2025-07-27
WklyUnusualVol,VBTX,2025-07-27
WklyUnusualVol,GOLF,2025-07-27
WklyUnusualVol,LVS,2025-07-27
WklyUnusualVol,RTX,2025-07-27
WklyUnusualVol,SAH,2025-07-27
WklyUnusualVol,SCHW,2025-07-27
WklyUnusualVol,VC,2025-07-27
WklyUnusualVol,BN,2025-07-27
WklyUnusualVol,BYD,2025-07-27
WklyUnusualVol,FHN,2025-07-27
WklyUnusualVol,FSS,2025-07-27
WklyUnusualVol,IDXX,2025-07-27
WklyUnusualVol,MXL,2025-07-27
WklyUnusualVol,NDAQ,2025-07-27
WklyUnusualVol,CM,2025-07-27
WklyUnusualVol,URI,2025-07-27
WklyUnusualVol,XYZ,2025-07-27
WklyUnusualVol,BMO,2025-07-27
WklyUnusualVol,SNPS,2025-07-27
WklyUnusualVol,ALLE,2025-07-27
WklyUnusualVol,BFH,2025-07-27
WklyUnusualVol,CMA,2025-07-27
WklyUnusualVol,HLT,2025-07-27
WklyUnusualVol,USM,2025-07-27
WklyUnusualVol,LHX,2025-07-27
WklyUnusualVol,NSC,2025-07-27
WklyUnusualVol,PHIN,2025-07-27
WklyUnusualVol,AN,2025-07-27
WklyUnusualVol,CMI,2025-07-27
WklyUnusualVol,CRL,2025-07-27
WklyUnusualVol,NTLA,2025-07-27
WklyUnusualVol,NTST,2025-07-27
WklyUnusualVol,PRAX,2025-07-27
WklyUnusualVol,RMD,2025-07-27
WklyUnusualVol,VRNS,2025-07-27
DnDayRS,GMAB,2025-07-27
DnDayRS,PDD,2025-07-27
DnDayRS,SSB,2025-07-27
DnDayRS,ALLY,2025-07-27
DnDayRS,ANIP,2025-07-27
DnDayRS,GNTX,2025-07-27
DnDayRS,HAE,2025-07-27
DnDayRS,PEG,2025-07-27
DnDayRS,CBZ,2025-07-27
DnDayRS,LDOS,2025-07-27
DnDayRS,NVS,2025-07-27
DnDayRS,AEP,2025-07-27
DnDayRS,CSL,2025-07-27
DnDayRS,KEX,2025-07-27
DnDayRS,PSTG,2025-07-27
DnDayRS,ASB,2025-07-27
DnDayRS,CFR,2025-07-27
DnDayRS,MSA,2025-07-27
DnDayRS,TXRH,2025-07-27
DnDayRS,ZWS,2025-07-27
DnDayRS,QGEN,2025-07-27
DnDayRS,ABCB,2025-07-27
DnDayRS,BLD,2025-07-27
DnDayRS,FCX,2025-07-27
DnDayRS,TRU,2025-07-27
DnDayRS,ZION,2025-07-27
DnDayRS,AYI,2025-07-27
DnDayRS,FSV,2025-07-27
DnDayRS,J,2025-07-27
DnDayRS,PNC,2025-07-27
DnDayRS,SYK,2025-07-27
DnDayRS,WEX,2025-07-27
DnDayRS,HUBB,2025-07-27
DnDayRS,R,2025-07-27
DnDayRS,AMX,2025-07-27
DnDayRS,APTV,2025-07-27
DnDayRS,BURL,2025-07-27
DnDayRS,EWBC,2025-07-27
DnDayRS,GNRC,2025-07-27
DnDayRS,GPI,2025-07-27
DnDayRS,HRMY,2025-07-27
DnDayRS,ITT,2025-07-27
DnDayRS,RY,2025-07-27
DnDayRS,STEP,2025-07-27
DnDayRS,AIT,2025-07-27
DnDayRS,ARES,2025-07-27
DnDayRS,AXP,2025-07-27
DnDayRS,BNS,2025-07-27
DnDayRS,RACE,2025-07-27
DnDayRS,VNT,2025-07-27
DnDayRS,ACM,2025-07-27
DnDayRS,BAC,2025-07-27
DnDayRS,BWA,2025-07-27
DnDayRS,KEY,2025-07-27
DnDayRS,NI,2025-07-27
DnDayRS,RF,2025-07-27
DnDayRS,LECO,2025-07-27
DnDayRS,LOGI,2025-07-27
DnDayRS,NOC,2025-07-27
DnDayRS,NXST,2025-07-27
DnDayRS,RJF,2025-07-27
DnDayRS,V,2025-07-27
DnDayRS,VMI,2025-07-27
DnDayRS,CMI,2025-07-27
DnDayRS,GIL,2025-07-27
DnDayRS,GXO,2025-07-27
DnDayRS,IMO,2025-07-27
DnDayRS,MU,2025-07-27
DnDayRS,RBA,2025-07-27
DnDayRS,RMD,2025-07-27
DnDayRS,BPOP,2025-07-27
DnDayRS,CBRE,2025-07-27
DnDayRS,GFF,2025-07-27
DnDayRS,KKR,2025-07-27
DnDayRS,NSC,2025-07-27
DnDayRS,PHIN,2025-07-27
DnDayRS,PSMT,2025-07-27
DnDayRS,WBS,2025-07-27
DnDayRS,ALLE,2025-07-27
DnDayRS,BKR,2025-07-27
DnDayRS,CAMT,2025-07-27
DnDayRS,EGO,2025-07-27
DnDayRS,FERG,2025-07-27
DnDayRS,LAZ,2025-07-27
DnDayRS,MAIN,2025-07-27
DnDayRS,MTSI,2025-07-27
DnDayRS,NCLH,2025-07-27
DnDayRS,SF,2025-07-27
DnDayRS,TDY,2025-07-27
DnDayRS,TXNM,2025-07-27
DnDayRS,VAC,2025-07-27
DnDayRS,VCTR,2025-07-27
DnDayRS,BDC,2025-07-27
DnDayRS,BMO,2025-07-27
DnDayRS,CTVA,2025-07-27
DnDayRS,DXCM,2025-07-27
DnDayRS,NVT,2025-07-27
DnDayRS,ORA,2025-07-27
DnDayRS,PH,2025-07-27
DnDayRS,RPRX,2025-07-27
DnDayRS,RRR,2025-07-27
DnDayRS,TDG,2025-07-27
DnDayRS,UBS,2025-07-27
DnDayRS,ALV,2025-07-27
DnDayRS,AMG,2025-07-27
DnDayRS,CARR,2025-07-27
DnDayRS,WTS,2025-07-27
DnDayRS,XYZ,2025-07-27
DnDayRS,APPF,2025-07-27
DnDayRS,ARMK,2025-07-27
DnDayRS,CAT,2025-07-27
DnDayRS,CCEP,2025-07-27
DnDayRS,CM,2025-07-27
DnDayRS,CR,2025-07-27
DnDayRS,CSCO,2025-07-27
DnDayRS,DKNG,2025-07-27
DnDayRS,ETN,2025-07-27
DnDayRS,FOUR,2025-07-27
DnDayRS,FOX,2025-07-27
DnDayRS,GRMN,2025-07-27
DnDayRS,LGND,2025-07-27
DnDayRS,NAMS,2025-07-27
DnDayRS,PINS,2025-07-27
DnDayRS,SPXC,2025-07-27
DnDayRS,URI,2025-07-27
DnDayRS,WCC,2025-07-27
DnDayRS,WFC,2025-07-27
DnDayRS,AX,2025-07-27
DnDayRS,BSY,2025-07-27
DnDayRS,BYD,2025-07-27
DnDayRS,CNM,2025-07-27
DnDayRS,FHN,2025-07-27
DnDayRS,FOXA,2025-07-27
DnDayRS,FSS,2025-07-27
DnDayRS,IDXX,2025-07-27
DnDayRS,ITRI,2025-07-27
DnDayRS,JBTM,2025-07-27
DnDayRS,JPM,2025-07-27
DnDayRS,KLAC,2025-07-27
DnDayRS,LYV,2025-07-27
DnDayRS,NDAQ,2025-07-27
DnDayRS,PLAY,2025-07-27
DnDayRS,PLNT,2025-07-27
DnDayRS,RBC,2025-07-27
DnDayRS,SIG,2025-07-27
DnDayRS,STT,2025-07-27
DnDayRS,TD,2025-07-27
DnDayRS,TGTX,2025-07-27
DnDayRS,TKO,2025-07-27
DnDayRS,UBER,2025-07-27
DnDayRS,UGI,2025-07-27
DnDayRS,UNFI,2025-07-27
DnDayRS,DDOG,2025-07-27
DnDayRS,EXTR,2025-07-27
DnDayRS,LVS,2025-07-27
DnDayRS,MRCY,2025-07-27
DnDayRS,RTX,2025-07-27
DnDayRS,VIRT,2025-07-27
DnDayRS,Z,2025-07-27
DnDayRS,ZG,2025-07-27
DnDayRS,AEIS,2025-07-27
DnDayRS,AGYS,2025-07-27
DnDayRS,BBVA,2025-07-27
DnDayRS,BWXT,2025-07-27
DnDayRS,COHR,2025-07-27
DnDayRS,FLR,2025-07-27
DnDayRS,HEIA,2025-07-27
DnDayRS,HSBC,2025-07-27
DnDayRS,NPO,2025-07-27
DnDayRS,SGI,2025-07-27
DnDayRS,SMCI,2025-07-27
DnDayRS,TT,2025-07-27
DnDayRS,VSEC,2025-07-27
DnDayRS,BK,2025-07-27
DnDayRS,CENX,2025-07-27
DnDayRS,EMR,2025-07-27
DnDayRS,FLUT,2025-07-27
DnDayRS,GFI,2025-07-27
DnDayRS,HEI,2025-07-27
DnDayRS,ING,2025-07-27
DnDayRS,ROK,2025-07-27
DnDayRS,USFD,2025-07-27
DnDayRS,CIEN,2025-07-27
DnDayRS,DOCS,2025-07-27
DnDayRS,ELF,2025-07-27
DnDayRS,GS,2025-07-27
DnDayRS,GTES,2025-07-27
DnDayRS,HGV,2025-07-27
DnDayRS,HWKN,2025-07-27
DnDayRS,IVZ,2025-07-27
DnDayRS,MEDP,2025-07-27
DnDayRS,OR,2025-07-27
DnDayRS,PENG,2025-07-27
DnDayRS,PUK,2025-07-27
DnDayRS,SN,2025-07-27
DnDayRS,TNL,2025-07-27
DnDayRS,TRMB,2025-07-27
DnDayRS,TSM,2025-07-27
DnDayRS,ULTA,2025-07-27
DnDayRS,ADNT,2025-07-27
DnDayRS,AMD,2025-07-27
DnDayRS,BCS,2025-07-27
DnDayRS,BOOT,2025-07-27
DnDayRS,BZ,2025-07-27
DnDayRS,C,2025-07-27
DnDayRS,CEG,2025-07-27
DnDayRS,CG,2025-07-27
DnDayRS,FLEX,2025-07-27
DnDayRS,PEGA,2025-07-27
DnDayRS,RL,2025-07-27
DnDayRS,SANM,2025-07-27
DnDayRS,SXT,2025-07-27
DnDayRS,TEL,2025-07-27
DnDayRS,VRSN,2025-07-27
DnDayRS,WPM,2025-07-27
DnDayRS,CAKE,2025-07-27
DnDayRS,CW,2025-07-27
DnDayRS,FRHC,2025-07-27
DnDayRS,JCI,2025-07-27
DnDayRS,KGC,2025-07-27
DnDayRS,RYAAY,2025-07-27
DnDayRS,SHAK,2025-07-27
DnDayRS,SMTC,2025-07-27
DnDayRS,VIK,2025-07-27
DnDayRS,VRT,2025-07-27
DnDayRS,WWD,2025-07-27
DnDayRS,ACMR,2025-07-27
DnDayRS,CUK,2025-07-27
DnDayRS,DRS,2025-07-27
DnDayRS,ECG,2025-07-27
DnDayRS,EME,2025-07-27
DnDayRS,EXEL,2025-07-27
DnDayRS,LTM,2025-07-27
DnDayRS,ATAT,2025-07-27
DnDayRS,AU,2025-07-27
DnDayRS,AVAV,2025-07-27
DnDayRS,NXT,2025-07-27
DnDayRS,SNOW,2025-07-27
DnDayRS,AFRM,2025-07-27
DnDayRS,ATI,2025-07-27
DnDayRS,CCJ,2025-07-27
DnDayRS,DASH,2025-07-27
DnDayRS,DB,2025-07-27
DnDayRS,JBL,2025-07-27
DnDayRS,LITE,2025-07-27
DnDayRS,ORCL,2025-07-27
DnDayRS,URBN,2025-07-27
DnDayRS,W,2025-07-27
DnDayRS,AEHR,2025-07-27
DnDayRS,FIX,2025-07-27
DnDayRS,INOD,2025-07-27
DnDayRS,RCL,2025-07-27
DnDayRS,STRL,2025-07-27
DnDayRS,AS,2025-07-27
DnDayRS,KTOS,2025-07-27
DnDayRS,LIF,2025-07-27
DnDayRS,NET,2025-07-27
DnDayRS,SYM,2025-07-27
DnDayRS,UPST,2025-07-27
DnDayRS,CLS,2025-07-27
DnDayRS,HSAI,2025-07-27
DnDayRS,KC,2025-07-27
DnDayRS,OKLO,2025-07-27
DnDayRS,SMR,2025-07-27
DnDayRS,TSSI,2025-07-27
Focus,CRWV,2025-07-27
Focus,DAVE,2025-07-27
Focus,MP,2025-07-27
Focus,PLTR,2025-07-27
Focus,RKLB,2025-07-27
Focus,SEZL,2025-07-27
Focus,ASPI,2025-07-27
Focus,BE,2025-07-27
Focus,CRDO,2025-07-27
Focus,GRRR,2025-07-27
Focus,HIMS,2025-07-27
Focus,IREN,2025-07-27
Focus,AGX,2025-07-27
Focus,AMSC,2025-07-27
Focus,APLD,2025-07-27
Focus,GOGO,2025-07-27
Focus,RBRK,2025-07-27
Focus,SYM,2025-07-27
Focus,UPST,2025-07-27
Focus,AEHR,2025-07-27
Focus,ALAB,2025-07-27
Focus,COIN,2025-07-27
Focus,ETON,2025-07-27
Focus,INOD,2025-07-27
Focus,AFRM,2025-07-27
Focus,CCJ,2025-07-27
Focus,LUNR,2025-07-27
Focus,RDDT,2025-07-27
Focus,ROOT,2025-07-27
Focus,RYTM,2025-07-27
Focus,SEI,2025-07-27
Focus,VST,2025-07-27
Focus,AXON,2025-07-27
Focus,SE,2025-07-27
Focus,STX,2025-07-27
Focus,ZVRA,2025-07-27
Focus,BBIO,2025-07-27
Focus,GLXY,2025-07-27
Focus,RIOT,2025-07-27
Focus,NN,2025-07-27
Focus,NVDA,2025-07-27
Focus,AMD,2025-07-27
Focus,BKKT,2025-07-27
Focus,IDR,2025-07-27
Focus,ROAD,2025-07-27
Focus,BYRN,2025-07-27
Focus,ONC,2025-07-27
Focus,PTGX,2025-07-27
Focus,SMCI,2025-07-27
Focus,ARQT,2025-07-27
Focus,DUOL,2025-07-27
Focus,JBTM,2025-07-27
Focus,TGTX,2025-07-27
Focus,WGS,2025-07-27
Focus,HIPO,2025-07-27
Focus,MIRM,2025-07-27
Focus,RNST,2025-07-27
Focus,AMBA,2025-07-27
Focus,BROS,2025-07-27
Focus,HROW,2025-07-27
Focus,CYBR,2025-07-27
Focus,EGO,2025-07-27
Focus,MELI,2025-07-27
Focus,SITM,2025-07-27
Focus,AGI,2025-07-27
Focus,MU,2025-07-27
Focus,SLAB,2025-07-27
Focus,GRND,2025-07-27
Focus,KNSA,2025-07-27
Focus,MC,2025-07-27
Focus,OPRA,2025-07-27
Focus,PAR,2025-07-27
Focus,AVDL,2025-07-27
Focus,LEGN,2025-07-27
Focus,FTAI,2025-07-27
Focus,RELY,2025-07-27
Focus,ADMA,2025-07-27
Focus,PAY,2025-07-27
Focus,PWP,2025-07-27
Focus,HALO,2025-07-27
Focus,SSB,2025-07-27
Focus,TARS,2025-07-27
Focus,AXSM,2025-07-27
Focus,MRVL,2025-07-27
Focus,NTRA,2025-07-27
Focus,TBCH,2025-07-27
Focus,ARGX,2025-07-27
Focus,BUSE,2025-07-27
Focus,KVYO,2025-07-27
Focus,HHH,2025-07-27
Focus,TVTX,2025-07-27
Focus,MBLY,2025-07-27
Focus,ZETA,2025-07-27
Focus,PRCT,2025-07-27
Focus,GLBE,2025-07-27
Focus,KRYS,2025-07-27
InstChng,AEVA,2025-07-27
InstChng,CDTX,2025-07-27
InstChng,CRWV,2025-07-27
InstChng,DAVE,2025-07-27
InstChng,NEON,2025-07-27
InstChng,NUTX,2025-07-27
InstChng,OKLO,2025-07-27
InstChng,PDYN,2025-07-27
InstChng,PSIX,2025-07-27
InstChng,QBTS,2025-07-27
InstChng,QUBT,2025-07-27
InstChng,RGTI,2025-07-27
InstChng,TSSI,2025-07-27
InstChng,VIGL,2025-07-27
InstChng,AMLX,2025-07-27
InstChng,ASPI,2025-07-27
InstChng,GRPN,2025-07-27
InstChng,HSAI,2025-07-27
InstChng,LTBR,2025-07-27
InstChng,RCAT,2025-07-27
InstChng,TNXP,2025-07-27
InstChng,FTK,2025-07-27
InstChng,LIF,2025-07-27
InstChng,NAGE,2025-07-27
InstChng,NNE,2025-07-27
InstChng,RBRK,2025-07-27
InstChng,COIN,2025-07-27
InstChng,ETON,2025-07-27
InstChng,FEIM,2025-07-27
InstChng,HRTG,2025-07-27
InstChng,KEP,2025-07-27
InstChng,MTSR,2025-07-27
InstChng,SRAD,2025-07-27
InstChng,ODD,2025-07-27
InstChng,PONY,2025-07-27
InstChng,RDDT,2025-07-27
InstChng,KRMN,2025-07-27
InstChng,MIND,2025-07-27
InstChng,PPTA,2025-07-27
InstChng,QXO,2025-07-27
InstChng,RDW,2025-07-27
InstChng,USAU,2025-07-27
InstChng,GTX,2025-07-27
InstChng,LTM,2025-07-27
InstChng,SLNO,2025-07-27
InstChng,OM,2025-07-27
InstChng,QURE,2025-07-27
InstChng,BKKT,2025-07-27
InstChng,BTDR,2025-07-27
InstChng,IDR,2025-07-27
InstChng,PEGA,2025-07-27
InstChng,TIGO,2025-07-27
InstChng,EADSY,2025-07-27
InstChng,KINS,2025-07-27
InstChng,TEM,2025-07-27
InstChng,GCT,2025-07-27
InstChng,ULS,2025-07-27
InstChng,NEXN,2025-07-27
InstChng,RUM,2025-07-27
InstChng,CLMT,2025-07-27
InstChng,GENI,2025-07-27
InstChng,SERV,2025-07-27
InstChng,MRX,2025-07-27
InstChng,AGI,2025-07-27
InstChng,NVGS,2025-07-27
InstChng,GSRT,2025-07-27
InstChng,NGG,2025-07-27
InstChng,TIC,2025-07-27
InstChng,TTAN,2025-07-27
InstChng,XP,2025-07-27
InstChng,AUGO,2025-07-27
InstChng,TRML,2025-07-27
InstChng,MBAV,2025-07-27
InstChng,ZGN,2025-07-27
InstChng,AMTM,2025-07-27
InstChng,SDRL,2025-07-27
InstChng,SNDK,2025-07-27
InstChng,VG,2025-07-27
InstChng,GRDN,2025-07-27
InstChng,ANGI,2025-07-27
InstChng,SAIL,2025-07-27
InstChng,BKV,2025-07-27
InstChng,SILA,2025-07-27
InstChng,DCTH,2025-07-27
InstChng,BIRK,2025-07-27
InstChng,CCIR,2025-07-27
InstChng,AMCR,2025-07-27
InstChng,WRD,2025-07-27
InstChng,TTAM,2025-07-27
InstChng,JHX,2025-07-27
InstChng,CLPT,2025-07-27
InstChng,LOAR,2025-07-27
InstChng,BNED,2025-07-27
InstChng,FLOC,2025-07-27
InstChng,INR,2025-07-27
InstChng,BCAX,2025-07-27
InstChng,KMTS,2025-07-27
InstChng,TTGT,2025-07-27
Power,ALMU,2025-07-27
Power,ANPA,2025-07-27
Power,JOBY,2025-07-27
Power,OKLO,2025-07-27
Power,PLTR,2025-07-27
Power,PTHL,2025-07-27
Power,PTIR,2025-07-27
Power,SMR,2025-07-27
Power,BE,2025-07-27
Power,CLS,2025-07-27
Power,GEV,2025-07-27
Power,PLTU,2025-07-27
Power,SMU,2025-07-27
Power,DFEN,2025-07-27
Power,LIF,2025-07-27
Power,TLN,2025-07-27
Power,UUUU,2025-07-27
Power,FEIM,2025-07-27
Power,FIX,2025-07-27
Power,STRL,2025-07-27
Power,ATI,2025-07-27
Power,IBKR,2025-07-27
Power,OKLL,2025-07-27
Power,W,2025-07-27
Power,INDV,2025-07-27
Power,DY,2025-07-27
Power,EME,2025-07-27
Power,MTZ,2025-07-27
Power,COUR,2025-07-27
Power,JCI,2025-07-27
Power,MRUS,2025-07-27
Power,RYAAY,2025-07-27
Power,SFTBY,2025-07-27
Power,BCS,2025-07-27
Power,CG,2025-07-27
Power,SXT,2025-07-27
Power,TEL,2025-07-27
Power,VNM,2025-07-27
Power,GTES,2025-07-27
Power,HGV,2025-07-27
Power,IVZ,2025-07-27
Power,TNL,2025-07-27
Power,TRMB,2025-07-27
Power,BK,2025-07-27
Power,EMR,2025-07-27
Power,PWR,2025-07-27
Power,FHI,2025-07-27
Power,NDAQ,2025-07-27
Power,STT,2025-07-27
Power,ARTY,2025-07-27
Power,GRNY,2025-07-27
Power,WW,2025-07-27
Power3,JNUG,2025-07-27
Power3,ROAD,2025-07-27
Power3,BAESY,2025-07-27
Power3,AVPT,2025-07-27
Power3,LPLA,2025-07-27
Power3,ULS,2025-07-27
Power3,SLM,2025-07-27
Power3,UGI,2025-07-27
Power3,AL,2025-07-27
Power3,UNM,2025-07-27
Power3,AGI,2025-07-27
Power3,AAAU,2025-07-27
Power3,BAR,2025-07-27
Power3,GLD,2025-07-27
Power3,GLDM,2025-07-27
Power3,IAU,2025-07-27
Power3,IAUM,2025-07-27
Power3,MCK,2025-07-27
Power3,OUNZ,2025-07-27
Power3,SGOL,2025-07-27
Power3,NTR,2025-07-27
Power3,PHYS,2025-07-27
Power3,BUG,2025-07-27
Power3,CHKP,2025-07-27
Power3,EFAV,2025-07-27
Power3,LTH,2025-07-27
Power3,IGF,2025-07-27
Power3,SMA,2025-07-27
Power3,ADT,2025-07-27
Power3,IQLT,2025-07-27
Power3,NGG,2025-07-27
Power3,EWL,2025-07-27
Power3,FYBR,2025-07-27
Power3,GT,2025-07-27
Power3,YUM,2025-07-27
Power3,VIGI,2025-07-27
Power3,ARI,2025-07-27
Power3,BWZ,2025-07-27
Power3,DNP,2025-07-27
Power3,EBND,2025-07-27
Power3,ENB,2025-07-27
Power3,GLNG,2025-07-27
Power3,IGOV,2025-07-27
Power3,AACT,2025-07-27
Power3,BALT,2025-07-27
Power3,BCI,2025-07-27
Power3,BWX,2025-07-27
Power3,GSG,2025-07-27
Power3,IVOL,2025-07-27
Power3,AWK,2025-07-27
Power3,BOXX,2025-07-27
Power3,PNW,2025-07-27
Power3,TIPX,2025-07-27
Power3,VTIP,2025-07-27
Power3,BSCR,2025-07-27
Power3,BSCS,2025-07-27
Power3,BSV,2025-07-27
Power3,CGSD,2025-07-27
Power3,DFSD,2025-07-27
Power3,FLXR,2025-07-27
Power3,FXY,2025-07-27
Power3,IBDS,2025-07-27
Power3,IEI,2025-07-27
Power3,IGSB,2025-07-27
Power3,ISTB,2025-07-27
Power3,JPIE,2025-07-27
Power3,JPLD,2025-07-27
Power3,LMBS,2025-07-27
Power3,SCHP,2025-07-27
Power3,SCHR,2025-07-27
Power3,SLQD,2025-07-27
Power3,SPTI,2025-07-27
Power3,STIP,2025-07-27
Power3,SUB,2025-07-27
Power3,TDTT,2025-07-27
Power3,TIP,2025-07-27
Power3,VCSH,2025-07-27
Power3,VGIT,2025-07-27
Power3,BSCP,2025-07-27
Power3,BSCQ,2025-07-27
Power3,BUXX,2025-07-27
Power3,IBDQ,2025-07-27
Power3,IBDR,2025-07-27
Power3,IBTG,2025-07-27
Power3,IBTH,2025-07-27
Power3,JPST,2025-07-27
Power3,PAAA,2025-07-27
Power3,SHY,2025-07-27
Power3,SMBS,2025-07-27
Power3,SPTS,2025-07-27
Power3,TFLO,2025-07-27
Power3,USFR,2025-07-27
Power3,VBIL,2025-07-27
Power3,VGSH,2025-07-27
Power3,VNLA,2025-07-27
Power3,SCHO,2025-07-27
Power3,SGOV,2025-07-27
Velocity,DRUG,2025-07-27
Velocity,ASPI,2025-07-27
Velocity,TNXP,2025-07-27
Velocity,NNE,2025-07-27
Velocity,FIX,2025-07-27
Velocity,BELFB,2025-07-27
Velocity,ECG,2025-07-27
Velocity,EME,2025-07-27
Velocity,LQDA,2025-07-27
Velocity,VRSN,2025-07-27
Velocity,BELFA,2025-07-27
Velocity,MSB,2025-07-27
Velocity,RDCM,2025-07-27
Velocity,SCLX,2025-07-27
Velocity,SAH,2025-07-27
Velocity,BYD,2025-07-27
Velocity,SPXC,2025-07-27
Velocity,PDLB,2025-07-27
Velocity,GLPG,2025-07-27
Velocity,BFH,2025-07-27
Velocity,PHIN,2025-07-27
Velocity,KN,2025-07-27
Velocity,YETI,2025-07-27
Velocity,GPI,2025-07-27
Velocity,LYTS,2025-07-27
Velocity,R,2025-07-27
Velocity,MGRC,2025-07-27
Velocity,FSV,2025-07-27
Velocity,ENSG,2025-07-27
Velocity,GRC,2025-07-27
Velocity,LKFN,2025-07-27
